Time ,memUsage ,cpuUsage ,cost ,numberOfVMs , ongoingAction, targetedNodeID
Fri Feb 21 13:42:49 UTC 2014,9.8457,0.1001,0.12,1.0,,
Fri Feb 21 13:42:54 UTC 2014,9.8457,0.1001,0.12,1.0,CassandraNode_scaleOut,CassandraNode
Fri Feb 21 13:43:04 UTC 2014,9.8457,0.1002,0.12,1.0,CassandraNode_scaleOut,CassandraNode
Fri Feb 21 13:43:13 UTC 2014,9.8517,0.2,0.12,1.0,CassandraNode_scaleOut,CassandraNode
Fri Feb 21 13:43:24 UTC 2014,9.8517,0.2,0.12,1.0,CassandraNode_scaleOut,CassandraNode
Fri Feb 21 13:43:35 UTC 2014,9.8517,0.2,0.12,1.0,CassandraNode_scaleOut,CassandraNode
Fri Feb 21 13:43:45 UTC 2014,9.8517,0.2,0.12,1.0,CassandraNode_scaleOut,CassandraNode
Fri Feb 21 13:43:56 UTC 2014,9.8517,0.0,0.12,1.0,CassandraNode_scaleOut,
Fri Feb 21 13:44:03 UTC 2014,9.8517,0.1001,0.12,1.0,CassandraNode_scaleOut,
Fri Feb 21 13:44:11 UTC 2014,9.8517,0.1001,0.12,1.0,CassandraNode_scaleOut,
Fri Feb 21 13:44:16 UTC 2014,9.8517,0.1001,0.12,1.0,CassandraNode_scaleOut,
Fri Feb 21 13:44:23 UTC 2014,9.8457,0.1001,0.12,1.0,CassandraNode_scaleOut,
Fri Feb 21 13:44:29 UTC 2014,9.8457,0.1001,0.12,1.0,CassandraNode_scaleOut,
Fri Feb 21 13:44:35 UTC 2014,9.8457,0.1001,0.12,1.0,CassandraNode_scaleOut,
Fri Feb 21 13:44:42 UTC 2014,9.8517,0.0,0.12,1.0,CassandraNode_scaleOut,
Fri Feb 21 13:44:47 UTC 2014,9.8517,0.1998,0.12,1.0,CassandraNode_scaleOut,
Fri Feb 21 13:44:53 UTC 2014,9.8517,0.1998,0.12,1.0,CassandraNode_scaleOut,
Fri Feb 21 13:45:00 UTC 2014,9.8517,0.1998,0.12,1.0,CassandraNode_scaleOut,
Fri Feb 21 13:45:05 UTC 2014,9.8517,0.1998,0.12,1.0,CassandraNode_scaleOut,
Fri Feb 21 13:45:12 UTC 2014,9.8457,0.1002,0.12,1.0,CassandraNode_scaleOut,
Fri Feb 21 13:45:18 UTC 2014,9.8457,0.1002,0.12,1.0,CassandraNode_scaleOut,
Fri Feb 21 13:45:24 UTC 2014,9.8457,0.0,0.12,1.0,CassandraNode_scaleOut,
Fri Feb 21 13:45:31 UTC 2014,9.8457,0.0,0.12,1.0,CassandraNode_scaleOut,
Fri Feb 21 13:45:36 UTC 2014,9.8457,0.0,0.12,1.0,CassandraNode_scaleOut,
Fri Feb 21 13:45:43 UTC 2014,9.8457,0.0,0.12,1.0,CassandraNode_scaleOut,
Fri Feb 21 13:45:51 UTC 2014,9.8517,0.1001,0.12,1.0,CassandraNode_scaleOut,
Fri Feb 21 13:45:58 UTC 2014,9.8517,0.1001,0.12,1.0,CassandraNode_scaleOut,
Fri Feb 21 13:46:06 UTC 2014,9.8517,0.1001,0.12,1.0,CassandraNode_scaleOut,
Fri Feb 21 13:46:14 UTC 2014,9.8517,0.1001,0.12,1.0,CassandraNode_scaleOut,
Fri Feb 21 13:46:20 UTC 2014,9.8578,0.0,0.12,1.0,CassandraNode_scaleOut,
Fri Feb 21 13:46:26 UTC 2014,9.8578,0.0,0.12,1.0,CassandraNode_scaleOut,
Fri Feb 21 13:46:33 UTC 2014,9.8578,0.0,0.12,1.0,AppServer_scaleIn,
Fri Feb 21 13:46:43 UTC 2014,9.8578,0.0,0.12,1.0,AppServer_scaleIn,
Fri Feb 21 13:46:52 UTC 2014,9.8578,0.0,0.12,1.0,AppServer_scaleIn,
Fri Feb 21 13:47:00 UTC 2014,9.8634,0.2002,0.12,1.0,AppServer_scaleIn,
Fri Feb 21 13:47:06 UTC 2014,9.8634,0.2002,0.12,1.0,AppServer_scaleIn,
Fri Feb 21 13:47:14 UTC 2014,9.8634,0.2002,0.12,1.0,AppServer_scaleIn,
Fri Feb 21 13:47:22 UTC 2014,9.8634,0.2002,0.12,1.0,AppServer_scaleIn,
Fri Feb 21 13:47:30 UTC 2014,9.8634,0.1002,0.12,1.0,AppServer_scaleIn,
Fri Feb 21 13:47:35 UTC 2014,9.8634,0.1002,0.12,1.0,AppServer_scaleIn,
Fri Feb 21 13:47:42 UTC 2014,9.8634,0.1002,0.12,1.0,AppServer_scaleIn,
Fri Feb 21 13:47:50 UTC 2014,9.8634,0.1002,0.12,1.0,AppServer_scaleIn,
Fri Feb 21 13:47:57 UTC 2014,9.8634,0.1002,0.12,1.0,AppServer_scaleIn,
Fri Feb 21 13:48:03 UTC 2014,9.8634,0.0,0.12,1.0,AppServer_scaleIn,
Fri Feb 21 13:48:10 UTC 2014,9.8634,0.0,0.12,1.0,AppServer_scaleIn,
Fri Feb 21 13:48:17 UTC 2014,9.8634,0.0,0.12,1.0,AppServer_scaleIn,
Fri Feb 21 13:48:23 UTC 2014,9.8634,0.1001,0.12,1.0,AppServer_scaleIn,
Fri Feb 21 13:48:29 UTC 2014,9.8634,0.1001,0.12,1.0,AppServer_scaleIn,
Fri Feb 21 13:48:38 UTC 2014,9.8634,0.1001,0.12,1.0,AppServer_scaleIn,
Fri Feb 21 13:48:45 UTC 2014,9.8634,0.1001,0.12,1.0,AppServer_scaleIn,
Fri Feb 21 13:48:51 UTC 2014,9.8634,0.1001,0.12,1.0,AppServer_scaleIn,
Fri Feb 21 13:48:59 UTC 2014,9.8634,0.1001,0.12,1.0,AppServer_scaleIn,
Fri Feb 21 13:49:06 UTC 2014,9.8634,0.1001,0.12,1.0,AppServer_scaleIn,
Fri Feb 21 13:49:13 UTC 2014,9.8634,0.1001,0.12,1.0,AppServer_scaleIn,
Fri Feb 21 13:49:20 UTC 2014,9.8634,0.1001,0.12,1.0,AppServer_scaleIn,
Fri Feb 21 13:49:26 UTC 2014,9.8634,0.1001,0.12,1.0,AppServer_scaleIn,
Fri Feb 21 13:49:33 UTC 2014,9.8634,0.1001,0.12,1.0,AppServer_scaleIn,
Fri Feb 21 13:49:39 UTC 2014,9.8634,0.1001,0.12,1.0,AppServer_scaleIn,
Fri Feb 21 13:49:44 UTC 2014,9.8634,0.1001,0.12,1.0,AppServer_scaleIn,
Fri Feb 21 13:49:50 UTC 2014,9.8634,0.1001,0.12,1.0,AppServer_scaleIn,
Fri Feb 21 13:49:56 UTC 2014,9.8634,0.1001,0.12,1.0,AppServer_scaleIn,
Fri Feb 21 13:50:04 UTC 2014,9.8634,0.1001,0.12,1.0,AppServer_scaleIn,
Fri Feb 21 13:50:10 UTC 2014,9.8634,0.1001,0.12,1.0,AppServer_scaleIn,
Fri Feb 21 13:50:16 UTC 2014,9.8634,0.1001,0.12,1.0,AppServer_scaleIn,
Fri Feb 21 13:50:24 UTC 2014,9.8634,0.1001,0.12,1.0,AppServer_scaleIn,
Fri Feb 21 13:50:30 UTC 2014,10.0205,0.1001,0.12,1.0,AppServer_scaleIn,
Fri Feb 21 13:50:35 UTC 2014,10.0205,0.1001,0.12,1.0,AppServer_scaleIn,
Fri Feb 21 13:50:42 UTC 2014,10.0205,0.1001,0.12,1.0,AppServer_scaleIn,
Fri Feb 21 13:50:48 UTC 2014,10.0205,0.1001,0.12,1.0,AppServer_scaleIn,
Fri Feb 21 13:50:55 UTC 2014,10.0205,0.1001,0.12,1.0,AppServer_scaleIn,
Fri Feb 21 13:51:01 UTC 2014,10.0205,0.1001,0.12,1.0,AppServer_scaleIn,
Fri Feb 21 13:51:06 UTC 2014,10.0205,0.1001,0.12,1.0,AppServer_scaleIn,
Fri Feb 21 13:51:14 UTC 2014,10.0205,0.1001,0.12,1.0,AppServer_scaleIn,
Fri Feb 21 13:51:21 UTC 2014,10.0205,0.1001,0.12,1.0,AppServer_scaleIn,
Fri Feb 21 13:51:27 UTC 2014,10.0145,0.2994,0.12,1.0,AppServer_scaleIn,
Fri Feb 21 13:51:34 UTC 2014,10.0145,0.2994,0.12,1.0,AppServer_scaleIn,
Fri Feb 21 13:51:41 UTC 2014,10.0145,0.2994,0.12,1.0,AppServer_scaleIn,
Fri Feb 21 13:51:47 UTC 2014,10.0145,0.2994,0.12,1.0,AppServer_scaleIn,
Fri Feb 21 13:51:54 UTC 2014,10.0145,0.2994,0.12,1.0,AppServer_scaleIn,
Fri Feb 21 13:52:00 UTC 2014,10.0145,0.2994,0.12,1.0,AppServer_scaleIn,
Fri Feb 21 13:52:06 UTC 2014,10.0145,0.2994,0.12,1.0,AppServer_scaleIn,
Fri Feb 21 13:52:11 UTC 2014,10.0145,0.1002,0.12,1.0,AppServer_scaleIn,
Fri Feb 21 13:52:18 UTC 2014,10.0145,0.1002,0.12,1.0,AppServer_scaleIn,
Fri Feb 21 13:52:24 UTC 2014,10.0145,0.1002,0.12,1.0,AppServer_scaleIn,
Fri Feb 21 13:52:30 UTC 2014,10.0145,0.1002,0.12,1.0,AppServer_scaleIn,
Fri Feb 21 13:52:36 UTC 2014,10.0145,0.1002,0.12,1.0,AppServer_scaleIn,
Fri Feb 21 13:52:44 UTC 2014,10.0145,0.1002,0.12,1.0,AppServer_scaleIn,
Fri Feb 21 13:52:51 UTC 2014,10.0205,0.1001,0.12,1.0,AppServer_scaleIn,
Fri Feb 21 13:52:57 UTC 2014,10.0205,0.1001,0.12,1.0,AppServer_scaleIn,
Fri Feb 21 13:53:05 UTC 2014,10.0205,0.1001,0.12,1.0,AppServer_scaleIn,
Fri Feb 21 13:53:12 UTC 2014,10.0205,0.1001,0.12,1.0,AppServer_scaleIn,
Fri Feb 21 13:53:18 UTC 2014,10.0205,0.1001,0.12,1.0,AppServer_scaleIn,
Fri Feb 21 13:53:25 UTC 2014,10.0145,0.2,0.12,1.0,AppServer_scaleIn,
Fri Feb 21 13:53:31 UTC 2014,10.0145,0.2,0.12,1.0,AppServer_scaleIn,
Fri Feb 21 13:53:37 UTC 2014,10.0145,0.2,0.12,1.0,AppServer_scaleIn,
Fri Feb 21 13:53:43 UTC 2014,10.0145,0.2,0.12,1.0,AppServer_scaleIn,
Fri Feb 21 13:53:50 UTC 2014,10.0145,0.2,0.12,1.0,AppServer_scaleIn,
Fri Feb 21 13:53:56 UTC 2014,10.0145,0.2,0.12,1.0,AppServer_scaleIn,
Fri Feb 21 13:54:04 UTC 2014,10.0145,0.2,0.12,1.0,AppServer_scaleIn,
Fri Feb 21 13:54:11 UTC 2014,10.0145,0.2,0.12,1.0,AppServer_scaleIn,
Fri Feb 21 13:54:16 UTC 2014,10.0145,0.1001,0.12,1.0,AppServer_scaleIn,
Fri Feb 21 13:54:22 UTC 2014,10.0145,0.1001,0.12,1.0,AppServer_scaleIn,
Fri Feb 21 13:54:29 UTC 2014,10.0145,0.1001,0.12,1.0,AppServer_scaleIn,
Fri Feb 21 13:54:35 UTC 2014,10.0145,0.1001,0.12,1.0,AppServer_scaleIn,
Fri Feb 21 13:54:42 UTC 2014,10.0145,0.1001,0.12,1.0,AppServer_scaleIn,
Fri Feb 21 13:54:47 UTC 2014,10.0145,0.1001,0.12,1.0,AppServer_scaleIn,
Fri Feb 21 13:54:53 UTC 2014,10.0145,0.1001,0.12,1.0,AppServer_scaleIn,
Fri Feb 21 13:55:00 UTC 2014,10.0145,0.1001,0.12,1.0,AppServer_scaleIn,
Fri Feb 21 13:55:05 UTC 2014,10.0145,0.1001,0.12,1.0,AppServer_scaleIn,
Fri Feb 21 13:55:12 UTC 2014,10.0145,0.1001,0.12,1.0,AppServer_scaleIn,
Fri Feb 21 13:55:18 UTC 2014,10.0145,0.1001,0.12,1.0,AppServer_scaleIn,
Fri Feb 21 13:55:24 UTC 2014,10.0145,0.1001,0.12,1.0,AppServer_scaleIn,
Fri Feb 21 13:55:32 UTC 2014,10.0145,0.1001,0.12,1.0,AppServer_scaleIn,
Fri Feb 21 13:55:39 UTC 2014,10.0145,0.1001,0.12,1.0,AppServer_scaleIn,
Fri Feb 21 13:55:45 UTC 2014,10.0145,0.1001,0.12,1.0,AppServer_scaleIn,
Fri Feb 21 13:55:51 UTC 2014,10.0145,0.1001,0.12,1.0,AppServer_scaleIn,
Fri Feb 21 13:55:59 UTC 2014,10.0145,0.1001,0.12,1.0,AppServer_scaleIn,
Fri Feb 21 13:56:05 UTC 2014,10.0145,0.1001,0.12,1.0,AppServer_scaleIn,
Fri Feb 21 13:56:11 UTC 2014,10.0574,0.1001,0.12,1.0,AppServer_scaleIn,
Fri Feb 21 13:56:17 UTC 2014,10.0574,0.1001,0.12,1.0,AppServer_scaleIn,
Fri Feb 21 13:56:24 UTC 2014,10.0574,0.1001,0.12,1.0,AppServer_scaleIn,
Fri Feb 21 13:56:32 UTC 2014,10.0574,0.1001,0.12,1.0,AppServer_scaleIn,
Fri Feb 21 13:56:38 UTC 2014,10.0574,0.1001,0.12,1.0,AppServer_scaleIn,
Fri Feb 21 13:56:44 UTC 2014,10.0574,0.1001,0.12,1.0,AppServer_scaleIn,
Fri Feb 21 13:56:50 UTC 2014,10.0574,0.1001,0.12,1.0,AppServer_scaleIn,
Fri Feb 21 13:56:57 UTC 2014,10.0574,0.1001,0.12,1.0,AppServer_scaleIn,
Fri Feb 21 13:57:04 UTC 2014,10.0574,0.1001,0.12,1.0,AppServer_scaleIn,
Fri Feb 21 13:57:10 UTC 2014,10.0574,0.1001,0.12,1.0,AppServer_scaleIn,
Fri Feb 21 13:57:16 UTC 2014,10.0085,0.0,0.12,1.0,AppServer_scaleIn,
Fri Feb 21 13:57:22 UTC 2014,10.0085,0.0,0.12,1.0,AppServer_scaleIn,
Fri Feb 21 13:57:31 UTC 2014,10.0085,0.0,0.12,1.0,AppServer_scaleIn,
Fri Feb 21 13:57:37 UTC 2014,10.0085,0.0,0.12,1.0,AppServer_scaleIn,
Fri Feb 21 13:57:42 UTC 2014,10.0085,0.0,0.12,1.0,AppServer_scaleIn,
Fri Feb 21 13:57:50 UTC 2014,10.0085,0.0,0.12,1.0,AppServer_scaleIn,
Fri Feb 21 13:57:56 UTC 2014,10.0085,0.1001,0.12,1.0,AppServer_scaleIn,
Fri Feb 21 13:58:04 UTC 2014,10.0085,0.1001,0.12,1.0,AppServer_scaleIn,
Fri Feb 21 13:58:09 UTC 2014,10.0085,0.1001,0.12,1.0,AppServer_scaleIn,
Fri Feb 21 13:58:15 UTC 2014,10.0085,0.1001,0.12,1.0,AppServer_scaleIn,
Fri Feb 21 13:58:22 UTC 2014,10.0145,0.1001,0.12,1.0,AppServer_scaleIn,
Fri Feb 21 13:58:28 UTC 2014,10.0145,0.1001,0.12,1.0,AppServer_scaleIn,
Fri Feb 21 13:58:35 UTC 2014,10.0145,0.1001,0.12,1.0,AppServer_scaleIn,
Fri Feb 21 13:58:43 UTC 2014,10.0145,0.1001,0.12,1.0,AppServer_scaleIn,
Fri Feb 21 13:58:50 UTC 2014,10.0145,0.1001,0.12,1.0,AppServer_scaleIn,
Fri Feb 21 13:58:56 UTC 2014,10.0145,0.1001,0.12,1.0,AppServer_scaleIn,
Fri Feb 21 13:59:04 UTC 2014,10.0145,0.1001,0.12,1.0,AppServer_scaleIn,
Fri Feb 21 13:59:10 UTC 2014,10.0145,0.1001,0.12,1.0,AppServer_scaleIn,
Fri Feb 21 13:59:17 UTC 2014,10.0145,0.1001,0.12,1.0,AppServer_scaleIn,
Fri Feb 21 13:59:26 UTC 2014,10.0145,0.1001,0.12,1.0,AppServer_scaleIn,
Fri Feb 21 13:59:32 UTC 2014,10.0145,0.1001,0.12,1.0,AppServer_scaleIn,
Fri Feb 21 13:59:40 UTC 2014,10.0145,0.0,0.12,1.0,AppServer_scaleIn,
Fri Feb 21 13:59:47 UTC 2014,10.0145,0.0,0.12,1.0,AppServer_scaleIn,
Fri Feb 21 13:59:52 UTC 2014,10.0145,0.0,0.12,1.0,AppServer_scaleIn,
Fri Feb 21 14:00:00 UTC 2014,10.0145,0.0,0.12,1.0,AppServer_scaleIn,
Fri Feb 21 14:00:07 UTC 2014,10.0145,0.0,0.12,1.0,AppServer_scaleOut,AppServer
Fri Feb 21 14:00:17 UTC 2014,10.0085,0.2,0.12,1.0,AppServer_scaleOut,AppServer
Fri Feb 21 14:00:28 UTC 2014,10.2563,5.6,0.12,1.0,AppServer_scaleOut,AppServer
Fri Feb 21 14:00:38 UTC 2014,10.2563,5.6,0.12,1.0,AppServer_scaleOut,AppServer
Fri Feb 21 14:00:48 UTC 2014,10.2563,0.1,0.12,1.0,AppServer_scaleOut,AppServer
Fri Feb 21 14:00:58 UTC 2014,10.2563,0.0,0.12,1.0,AppServer_scaleOut,AppServer
Fri Feb 21 14:01:08 UTC 2014,10.2563,0.1,0.12,1.0,AppServer_scaleOut,
Fri Feb 21 14:01:16 UTC 2014,10.2563,0.1,0.12,1.0,AppServer_scaleOut,
Fri Feb 21 14:01:22 UTC 2014,10.2563,0.1,0.12,1.0,AppServer_scaleOut,
Fri Feb 21 14:01:31 UTC 2014,10.2563,0.1,0.12,1.0,AppServer_scaleOut,
Fri Feb 21 14:01:39 UTC 2014,10.2563,0.1,0.12,1.0,AppServer_scaleOut,
Fri Feb 21 14:01:46 UTC 2014,10.2563,0.1,0.12,1.0,AppServer_scaleOut,
Fri Feb 21 14:01:54 UTC 2014,10.2563,0.1,0.12,1.0,AppServer_scaleOut,
Fri Feb 21 14:02:04 UTC 2014,10.2563,0.1,0.12,1.0,AppServer_scaleOut,
Fri Feb 21 14:02:10 UTC 2014,10.2563,0.1,0.12,1.0,AppServer_scaleOut,
Fri Feb 21 14:02:16 UTC 2014,10.2563,0.1,0.12,1.0,AppServer_scaleOut,
Fri Feb 21 14:02:22 UTC 2014,10.2563,0.1,0.12,1.0,AppServer_scaleOut,
Fri Feb 21 14:02:30 UTC 2014,10.2563,0.1,0.12,1.0,AppServer_scaleOut,
Fri Feb 21 14:02:37 UTC 2014,10.2366,0.2002,0.12,1.0,AppServer_scaleOut,
Fri Feb 21 14:02:45 UTC 2014,10.2366,0.2002,0.12,1.0,AppServer_scaleOut,
Fri Feb 21 14:02:51 UTC 2014,10.2366,0.2002,0.12,1.0,AppServer_scaleOut,
Fri Feb 21 14:02:57 UTC 2014,10.2366,0.2002,0.12,1.0,AppServer_scaleOut,
Fri Feb 21 14:03:02 UTC 2014,10.2366,0.2002,0.12,1.0,AppServer_scaleOut,
Fri Feb 21 14:03:13 UTC 2014,10.2366,0.2,0.12,1.0,AppServer_scaleOut,
Fri Feb 21 14:03:21 UTC 2014,10.2366,0.2,0.12,1.0,AppServer_scaleOut,
Fri Feb 21 14:03:26 UTC 2014,10.2366,0.2,0.12,1.0,AppServer_scaleOut,
Fri Feb 21 14:03:34 UTC 2014,10.2366,0.2,0.12,1.0,AppServer_scaleOut,
Fri Feb 21 14:03:41 UTC 2014,10.2366,0.2,0.12,1.0,AppServer_scaleOut,
Fri Feb 21 14:03:47 UTC 2014,10.2366,0.2,0.12,1.0,AppServer_scaleOut,
Fri Feb 21 14:03:53 UTC 2014,10.2366,0.2,0.12,1.0,AppServer_scaleOut,
Fri Feb 21 14:04:00 UTC 2014,10.2366,0.2,0.12,1.0,AppServer_scaleOut,
Fri Feb 21 14:04:06 UTC 2014,10.2366,0.2,0.12,1.0,AppServer_scaleOut,
Fri Feb 21 14:04:12 UTC 2014,10.2366,0.2,0.12,1.0,AppServer_scaleOut,
Fri Feb 21 14:04:18 UTC 2014,10.2366,0.2,0.12,1.0,AppServer_scaleOut,
Fri Feb 21 14:04:25 UTC 2014,10.2366,0.2,0.12,1.0,AppServer_scaleOut,
Fri Feb 21 14:04:30 UTC 2014,10.2366,0.1001,0.12,1.0,AppServer_scaleOut,
Fri Feb 21 14:04:36 UTC 2014,10.2366,0.1001,0.12,1.0,AppServer_scaleOut,
Fri Feb 21 14:04:44 UTC 2014,10.2366,0.1001,0.12,1.0,AppServer_scaleOut,
Fri Feb 21 14:04:49 UTC 2014,10.2366,0.1001,0.12,1.0,AppServer_scaleOut,
Fri Feb 21 14:04:55 UTC 2014,10.2366,0.1001,0.12,1.0,AppServer_scaleOut,
Fri Feb 21 14:05:01 UTC 2014,10.2366,0.1001,0.12,1.0,AppServer_scaleOut,
Fri Feb 21 14:05:07 UTC 2014,10.2366,0.1001,0.12,1.0,AppServer_scaleOut,
Fri Feb 21 14:05:16 UTC 2014,10.2366,0.3,0.12,1.0,AppServer_scaleOut,
Fri Feb 21 14:05:23 UTC 2014,10.2366,0.3,0.12,1.0,AppServer_scaleOut,
Fri Feb 21 14:05:30 UTC 2014,10.2366,0.3,0.12,1.0,AppServer_scaleOut,
Fri Feb 21 14:05:35 UTC 2014,10.2366,0.3,0.12,1.0,AppServer_scaleOut,
Fri Feb 21 14:05:44 UTC 2014,10.2366,0.3,0.12,1.0,AppServer_scaleOut,
Fri Feb 21 14:05:50 UTC 2014,10.2366,0.3,0.12,1.0,AppServer_scaleOut,
Fri Feb 21 14:05:57 UTC 2014,10.2366,0.3,0.12,1.0,AppServer_scaleOut,
Fri Feb 21 14:06:03 UTC 2014,10.2366,0.3,0.12,1.0,AppServer_scaleOut,
Fri Feb 21 14:06:10 UTC 2014,10.2366,0.3,0.12,1.0,AppServer_scaleOut,
Fri Feb 21 14:06:16 UTC 2014,10.2366,0.3,0.12,1.0,AppServer_scaleOut,
Fri Feb 21 14:06:23 UTC 2014,10.2366,0.3,0.12,1.0,AppServer_scaleOut,
Fri Feb 21 14:06:30 UTC 2014,10.2366,0.3,0.12,1.0,AppServer_scaleOut,
Fri Feb 21 14:06:36 UTC 2014,10.2366,0.3,0.12,1.0,AppServer_scaleOut,
Fri Feb 21 14:06:45 UTC 2014,10.2426,0.1001,0.12,1.0,AppServer_scaleOut,
Fri Feb 21 14:06:50 UTC 2014,10.2426,0.1001,0.12,1.0,AppServer_scaleOut,
Fri Feb 21 14:07:00 UTC 2014,10.2426,0.1001,0.12,1.0,AppServer_scaleOut,
Fri Feb 21 14:07:06 UTC 2014,10.2426,0.1001,0.12,1.0,AppServer_scaleOut,
Fri Feb 21 14:07:13 UTC 2014,10.2426,0.1001,0.12,1.0,AppServer_scaleOut,
Fri Feb 21 14:07:20 UTC 2014,10.2426,0.1001,0.12,1.0,AppServer_scaleOut,
Fri Feb 21 14:07:27 UTC 2014,10.2426,0.1001,0.12,1.0,AppServer_scaleOut,
Fri Feb 21 14:07:35 UTC 2014,10.2426,0.1001,0.12,1.0,AppServer_scaleOut,
Fri Feb 21 14:07:42 UTC 2014,10.2426,0.1001,0.12,1.0,AppServer_scaleOut,
Fri Feb 21 14:07:50 UTC 2014,10.2426,0.1001,0.12,1.0,AppServer_scaleOut,
Fri Feb 21 14:07:58 UTC 2014,10.2426,0.1001,0.12,1.0,AppServer_scaleOut,
Fri Feb 21 14:08:06 UTC 2014,10.2426,0.1001,0.12,1.0,AppServer_scaleOut,
Fri Feb 21 14:08:14 UTC 2014,10.2426,0.1001,0.12,1.0,AppServer_scaleOut,
Fri Feb 21 14:08:20 UTC 2014,10.2426,0.1001,0.12,1.0,AppServer_scaleOut,
Fri Feb 21 14:08:27 UTC 2014,10.2426,0.1001,0.12,1.0,AppServer_scaleOut,
Fri Feb 21 14:08:33 UTC 2014,10.2426,0.1001,0.12,1.0,AppServer_scaleOut,
Fri Feb 21 14:08:43 UTC 2014,10.2426,0.2002,0.12,1.0,AppServer_scaleOut,
Fri Feb 21 14:08:48 UTC 2014,10.2426,0.2002,0.12,1.0,AppServer_scaleOut,
Fri Feb 21 14:08:55 UTC 2014,10.2426,0.2002,0.12,1.0,AppServer_scaleOut,
Fri Feb 21 14:09:02 UTC 2014,10.2426,0.2002,0.12,1.0,AppServer_scaleOut,
Fri Feb 21 14:09:10 UTC 2014,10.2426,0.2002,0.12,1.0,AppServer_scaleOut,
Fri Feb 21 14:09:18 UTC 2014,10.2426,0.2002,0.12,1.0,CassandraNode_scaleOut,CassandraNode
Fri Feb 21 14:09:29 UTC 2014,10.2426,0.0,0.12,1.0,CassandraNode_scaleOut,CassandraNode
Fri Feb 21 14:09:40 UTC 2014,10.2426,0.0,0.12,1.0,CassandraNode_scaleOut,CassandraNode
Fri Feb 21 14:09:50 UTC 2014,10.2426,0.0,0.12,1.0,CassandraNode_scaleOut,CassandraNode
Fri Feb 21 14:10:00 UTC 2014,10.2426,0.0,0.12,1.0,CassandraNode_scaleOut,CassandraNode
Fri Feb 21 14:10:10 UTC 2014,10.2426,0.3,0.12,1.0,CassandraNode_scaleOut,CassandraNode
Fri Feb 21 14:10:20 UTC 2014,10.2426,0.3,0.12,1.0,CassandraNode_scaleOut,
Fri Feb 21 14:10:26 UTC 2014,10.2426,0.3,0.12,1.0,CassandraNode_scaleOut,
Fri Feb 21 14:10:32 UTC 2014,10.2426,0.3,0.12,1.0,CassandraNode_scaleOut,
Fri Feb 21 14:10:38 UTC 2014,10.2426,0.3,0.12,1.0,CassandraNode_scaleOut,
Fri Feb 21 14:10:45 UTC 2014,10.2487,0.1001,0.12,1.0,CassandraNode_scaleOut,
Fri Feb 21 14:10:51 UTC 2014,10.2487,0.1001,0.12,1.0,CassandraNode_scaleOut,
Fri Feb 21 14:10:59 UTC 2014,10.2487,0.1001,0.12,1.0,CassandraNode_scaleOut,
Fri Feb 21 14:11:05 UTC 2014,10.2487,0.1001,0.12,1.0,CassandraNode_scaleOut,
Fri Feb 21 14:11:12 UTC 2014,10.2487,0.1001,0.12,1.0,CassandraNode_scaleOut,
Fri Feb 21 14:11:18 UTC 2014,10.2487,0.1001,0.12,1.0,CassandraNode_scaleOut,
Fri Feb 21 14:11:24 UTC 2014,10.2487,0.1001,0.12,1.0,CassandraNode_scaleOut,
Fri Feb 21 14:11:33 UTC 2014,10.2487,0.1001,0.12,1.0,CassandraNode_scaleOut,
Fri Feb 21 14:11:40 UTC 2014,10.2487,0.1001,0.12,1.0,CassandraNode_scaleOut,
Fri Feb 21 14:11:48 UTC 2014,10.2487,0.1001,0.12,1.0,CassandraNode_scaleOut,
Fri Feb 21 14:11:54 UTC 2014,10.2487,0.1001,0.12,1.0,CassandraNode_scaleOut,
Fri Feb 21 14:12:02 UTC 2014,10.2487,0.1001,0.12,1.0,CassandraNode_scaleOut,
Fri Feb 21 14:12:08 UTC 2014,10.2487,0.1001,0.12,1.0,CassandraNode_scaleOut,
Fri Feb 21 14:12:16 UTC 2014,10.2487,0.1001,0.12,1.0,CassandraNode_scaleOut,
Fri Feb 21 14:12:25 UTC 2014,10.2483,0.2,0.12,1.0,CassandraNode_scaleOut,
Fri Feb 21 14:12:33 UTC 2014,10.2483,0.2,0.12,1.0,CassandraNode_scaleOut,
Fri Feb 21 14:12:41 UTC 2014,10.2483,0.2,0.12,1.0,CassandraNode_scaleOut,
Fri Feb 21 14:12:47 UTC 2014,10.2483,0.2,0.12,1.0,CassandraNode_scaleOut,
Fri Feb 21 14:12:53 UTC 2014,10.2483,0.2,0.12,1.0,CassandraNode_scaleOut,
Fri Feb 21 14:13:01 UTC 2014,10.2483,0.2,0.12,1.0,CassandraNode_scaleOut,
Fri Feb 21 14:13:08 UTC 2014,10.2543,0.1001,0.12,1.0,CassandraNode_scaleOut,
Fri Feb 21 14:13:14 UTC 2014,10.2543,0.1001,0.12,1.0,CassandraNode_scaleOut,
Fri Feb 21 14:13:21 UTC 2014,10.2543,0.1001,0.12,1.0,CassandraNode_scaleOut,
Fri Feb 21 14:13:28 UTC 2014,10.2543,0.1001,0.12,1.0,CassandraNode_scaleOut,
Fri Feb 21 14:13:34 UTC 2014,10.2543,0.1001,0.12,1.0,CassandraNode_scaleOut,
Fri Feb 21 14:13:43 UTC 2014,10.2543,0.1001,0.12,1.0,CassandraNode_scaleOut,
Fri Feb 21 14:13:48 UTC 2014,10.2543,0.1001,0.12,1.0,CassandraNode_scaleOut,
Fri Feb 21 14:13:54 UTC 2014,10.2543,0.1001,0.12,1.0,CassandraNode_scaleOut,
Fri Feb 21 14:14:01 UTC 2014,10.2543,0.1001,0.12,1.0,CassandraNode_scaleOut,
Fri Feb 21 14:14:07 UTC 2014,10.1274,0.2002,0.12,1.0,CassandraNode_scaleOut,
Fri Feb 21 14:14:13 UTC 2014,10.1274,0.2002,0.12,1.0,CassandraNode_scaleOut,
Fri Feb 21 14:14:22 UTC 2014,10.1274,0.2002,0.12,1.0,CassandraNode_scaleOut,
Fri Feb 21 14:14:31 UTC 2014,10.1274,0.2002,0.12,1.0,CassandraNode_scaleOut,
Fri Feb 21 14:14:39 UTC 2014,10.1274,0.2002,0.12,1.0,CassandraNode_scaleOut,
Fri Feb 21 14:14:45 UTC 2014,10.1274,0.2002,0.12,1.0,CassandraNode_scaleOut,
Fri Feb 21 14:14:54 UTC 2014,10.1274,0.2002,0.12,1.0,CassandraNode_scaleOut,
Fri Feb 21 14:15:03 UTC 2014,10.1274,0.2002,0.12,1.0,CassandraNode_scaleOut,
Fri Feb 21 14:15:09 UTC 2014,10.1274,0.2002,0.12,1.0,CassandraNode_scaleOut,
Fri Feb 21 14:15:17 UTC 2014,10.1274,0.2002,0.12,1.0,CassandraNode_scaleOut,
Fri Feb 21 14:15:23 UTC 2014,10.1274,0.1002,0.12,1.0,CassandraNode_scaleOut,
Fri Feb 21 14:15:29 UTC 2014,10.1274,0.1002,0.12,1.0,CassandraNode_scaleOut,
Fri Feb 21 14:15:35 UTC 2014,10.1274,0.1002,0.12,1.0,CassandraNode_scaleOut,
Fri Feb 21 14:15:41 UTC 2014,10.1274,0.1002,0.12,1.0,CassandraNode_scaleOut,
Fri Feb 21 14:15:49 UTC 2014,10.1274,0.1002,0.12,1.0,CassandraNode_scaleOut,
Fri Feb 21 14:15:55 UTC 2014,10.1274,0.1002,0.12,1.0,CassandraNode_scaleOut,
Fri Feb 21 14:16:03 UTC 2014,10.1274,0.1002,0.12,1.0,CassandraNode_scaleOut,
Fri Feb 21 14:16:09 UTC 2014,10.1274,0.1002,0.12,1.0,CassandraNode_scaleOut,
Fri Feb 21 14:16:15 UTC 2014,10.1274,0.1002,0.12,1.0,CassandraNode_scaleOut,
Fri Feb 21 14:16:23 UTC 2014,10.1274,0.1002,0.12,1.0,CassandraNode_scaleOut,
Fri Feb 21 14:16:31 UTC 2014,10.1274,0.1002,0.12,1.0,AppServer_scaleOut,AppServer
Fri Feb 21 14:16:44 UTC 2014,10.1213,0.2997,0.12,1.0,AppServer_scaleOut,AppServer
Fri Feb 21 14:16:55 UTC 2014,10.1213,0.2997,0.12,1.0,AppServer_scaleOut,AppServer
Fri Feb 21 14:17:05 UTC 2014,10.1213,0.2997,0.12,1.0,AppServer_scaleOut,AppServer
Fri Feb 21 14:17:16 UTC 2014,10.1274,0.1001,0.12,1.0,AppServer_scaleOut,AppServer
Fri Feb 21 14:17:25 UTC 2014,10.1274,0.1,0.12,1.0,AppServer_scaleOut,
Fri Feb 21 14:17:35 UTC 2014,10.1213,0.1,0.12,1.0,AppServer_scaleOut,
Fri Feb 21 14:17:43 UTC 2014,10.1213,0.1,0.12,1.0,AppServer_scaleOut,
Fri Feb 21 14:17:51 UTC 2014,10.1213,0.1,0.12,1.0,AppServer_scaleOut,
Fri Feb 21 14:17:56 UTC 2014,10.1213,0.1,0.12,1.0,AppServer_scaleOut,
Fri Feb 21 14:18:03 UTC 2014,10.1213,0.1,0.12,1.0,AppServer_scaleOut,
Fri Feb 21 14:18:09 UTC 2014,10.1213,0.1,0.12,1.0,AppServer_scaleOut,
Fri Feb 21 14:18:15 UTC 2014,10.1213,0.1,0.12,1.0,AppServer_scaleOut,
Fri Feb 21 14:18:22 UTC 2014,10.1213,0.1,0.12,1.0,AppServer_scaleOut,
Fri Feb 21 14:18:28 UTC 2014,10.1213,0.1,0.12,1.0,AppServer_scaleOut,
Fri Feb 21 14:18:35 UTC 2014,10.1213,0.1,0.12,1.0,AppServer_scaleOut,
Fri Feb 21 14:18:42 UTC 2014,10.1213,0.1,0.12,1.0,AppServer_scaleOut,
Fri Feb 21 14:18:48 UTC 2014,10.1213,0.1,0.12,1.0,AppServer_scaleOut,
Fri Feb 21 14:18:54 UTC 2014,10.1213,0.1,0.12,1.0,AppServer_scaleOut,
Fri Feb 21 14:19:01 UTC 2014,10.1213,0.1,0.12,1.0,AppServer_scaleOut,
Fri Feb 21 14:19:07 UTC 2014,10.1213,0.1,0.12,1.0,AppServer_scaleOut,
Fri Feb 21 14:19:14 UTC 2014,10.1213,0.1,0.12,1.0,AppServer_scaleOut,
Fri Feb 21 14:19:19 UTC 2014,10.1213,0.1,0.12,1.0,AppServer_scaleOut,
Fri Feb 21 14:19:25 UTC 2014,10.1213,0.1,0.12,1.0,AppServer_scaleOut,
Fri Feb 21 14:19:31 UTC 2014,10.1213,0.1,0.12,1.0,AppServer_scaleOut,
Fri Feb 21 14:19:37 UTC 2014,10.1213,0.1,0.12,1.0,AppServer_scaleOut,
Fri Feb 21 14:19:44 UTC 2014,10.1213,0.1,0.12,1.0,AppServer_scaleOut,
Fri Feb 21 14:19:50 UTC 2014,10.1095,0.1,0.12,1.0,AppServer_scaleOut,
Fri Feb 21 14:19:56 UTC 2014,10.1095,0.1,0.12,1.0,AppServer_scaleOut,
Fri Feb 21 14:20:02 UTC 2014,10.1095,0.1,0.12,1.0,AppServer_scaleOut,
Fri Feb 21 14:20:08 UTC 2014,10.1095,0.1,0.12,1.0,AppServer_scaleOut,
Fri Feb 21 14:20:15 UTC 2014,10.1095,0.1,0.12,1.0,AppServer_scaleOut,
Fri Feb 21 14:20:22 UTC 2014,10.1095,0.1,0.12,1.0,AppServer_scaleOut,
Fri Feb 21 14:20:30 UTC 2014,10.1095,0.1,0.12,1.0,AppServer_scaleOut,
Fri Feb 21 14:20:36 UTC 2014,10.1095,0.1,0.12,1.0,AppServer_scaleOut,
Fri Feb 21 14:20:43 UTC 2014,10.1095,0.1,0.12,1.0,AppServer_scaleOut,
Fri Feb 21 14:20:49 UTC 2014,10.1095,0.1,0.12,1.0,AppServer_scaleOut,
Fri Feb 21 14:20:54 UTC 2014,10.1095,0.1,0.12,1.0,AppServer_scaleOut,
Fri Feb 21 14:21:02 UTC 2014,10.1095,0.1,0.12,1.0,CassandraNode_scaleOut,CassandraNode
Fri Feb 21 14:21:14 UTC 2014,10.1155,0.2002,0.12,1.0,CassandraNode_scaleOut,CassandraNode
Fri Feb 21 14:21:24 UTC 2014,10.1155,0.2002,0.12,1.0,CassandraNode_scaleOut,CassandraNode
Fri Feb 21 14:21:35 UTC 2014,10.1155,0.2002,0.12,1.0,CassandraNode_scaleOut,CassandraNode
Fri Feb 21 14:21:46 UTC 2014,10.1215,0.1002,0.12,1.0,CassandraNode_scaleOut,CassandraNode
Fri Feb 21 14:21:55 UTC 2014,10.1215,0.1002,0.12,1.0,CassandraNode_scaleOut,CassandraNode
Fri Feb 21 14:22:05 UTC 2014,10.1215,0.1002,0.12,1.0,CassandraNode_scaleOut,
Fri Feb 21 14:22:15 UTC 2014,10.1215,0.1002,0.12,1.0,CassandraNode_scaleOut,
Fri Feb 21 14:22:23 UTC 2014,10.1215,0.1002,0.12,1.0,CassandraNode_scaleOut,
Fri Feb 21 14:22:29 UTC 2014,10.1215,0.1002,0.12,1.0,CassandraNode_scaleOut,
Fri Feb 21 14:22:35 UTC 2014,10.1215,0.1002,0.12,1.0,CassandraNode_scaleOut,
Fri Feb 21 14:22:42 UTC 2014,10.1215,0.1002,0.12,1.0,CassandraNode_scaleOut,
Fri Feb 21 14:22:48 UTC 2014,10.1215,0.1002,0.12,1.0,CassandraNode_scaleOut,
Fri Feb 21 14:22:54 UTC 2014,10.1215,0.1002,0.12,1.0,CassandraNode_scaleOut,
Fri Feb 21 14:23:01 UTC 2014,10.1215,0.1002,0.12,1.0,CassandraNode_scaleOut,
Fri Feb 21 14:23:07 UTC 2014,10.1215,0.1002,0.12,1.0,CassandraNode_scaleOut,
Fri Feb 21 14:23:13 UTC 2014,10.1215,0.1002,0.12,1.0,CassandraNode_scaleOut,
Fri Feb 21 14:23:19 UTC 2014,10.1215,0.1002,0.12,1.0,CassandraNode_scaleOut,
Fri Feb 21 14:23:25 UTC 2014,10.1215,0.1002,0.12,1.0,CassandraNode_scaleOut,
Fri Feb 21 14:23:31 UTC 2014,10.1215,0.1002,0.12,1.0,CassandraNode_scaleOut,
Fri Feb 21 14:23:38 UTC 2014,10.1215,0.1002,0.12,1.0,CassandraNode_scaleOut,
Fri Feb 21 14:23:44 UTC 2014,10.1336,0.0,0.12,1.0,CassandraNode_scaleOut,
Fri Feb 21 14:23:52 UTC 2014,10.1336,0.0,0.12,1.0,CassandraNode_scaleOut,
Fri Feb 21 14:23:58 UTC 2014,10.1336,0.0,0.12,1.0,CassandraNode_scaleOut,
Fri Feb 21 14:24:04 UTC 2014,10.1336,0.0,0.12,1.0,CassandraNode_scaleOut,
Fri Feb 21 14:24:12 UTC 2014,10.1336,0.0,0.12,1.0,CassandraNode_scaleOut,
Fri Feb 21 14:24:18 UTC 2014,10.1336,0.0,0.12,1.0,CassandraNode_scaleOut,
Fri Feb 21 14:24:25 UTC 2014,10.1336,0.0,0.12,1.0,CassandraNode_scaleOut,
Fri Feb 21 14:24:31 UTC 2014,10.1336,0.0,0.12,1.0,CassandraNode_scaleOut,
Fri Feb 21 14:24:37 UTC 2014,10.1336,0.0,0.12,1.0,CassandraNode_scaleOut,
Fri Feb 21 14:24:43 UTC 2014,10.1336,0.0,0.12,1.0,CassandraNode_scaleOut,
Fri Feb 21 14:24:49 UTC 2014,10.1336,0.0,0.12,1.0,CassandraNode_scaleOut,
Fri Feb 21 14:24:55 UTC 2014,10.1336,0.0,0.12,1.0,CassandraNode_scaleOut,
Fri Feb 21 14:25:02 UTC 2014,10.1336,0.0,0.12,1.0,CassandraNode_scaleOut,
Fri Feb 21 14:25:08 UTC 2014,10.1336,0.0,0.12,1.0,CassandraNode_scaleOut,
Fri Feb 21 14:25:14 UTC 2014,10.1336,0.0,0.12,1.0,CassandraNode_scaleOut,
Fri Feb 21 14:25:22 UTC 2014,10.1336,0.0,0.12,1.0,CassandraNode_scaleOut,
Fri Feb 21 14:25:28 UTC 2014,10.1336,0.0,0.12,1.0,CassandraNode_scaleOut,
Fri Feb 21 14:25:35 UTC 2014,10.1336,0.0,0.12,1.0,CassandraNode_scaleOut,
Fri Feb 21 14:25:41 UTC 2014,10.1397,0.2,0.12,1.0,CassandraNode_scaleOut,
Fri Feb 21 14:25:47 UTC 2014,10.1397,0.2,0.12,1.0,CassandraNode_scaleOut,
Fri Feb 21 14:25:53 UTC 2014,10.1397,0.2,0.12,1.0,CassandraNode_scaleOut,
Fri Feb 21 14:25:59 UTC 2014,10.1397,0.2,0.12,1.0,CassandraNode_scaleOut,
Fri Feb 21 14:26:05 UTC 2014,10.1397,0.2,0.12,1.0,CassandraNode_scaleOut,
Fri Feb 21 14:26:11 UTC 2014,10.1397,0.2,0.12,1.0,CassandraNode_scaleOut,
Fri Feb 21 14:26:17 UTC 2014,10.1397,0.2,0.12,1.0,CassandraNode_scaleOut,
Fri Feb 21 14:26:25 UTC 2014,10.1397,0.2,0.12,1.0,CassandraNode_scaleOut,
Fri Feb 21 14:26:32 UTC 2014,10.1397,0.2,0.12,1.0,CassandraNode_scaleOut,
Fri Feb 21 14:26:39 UTC 2014,10.1397,0.2,0.12,1.0,CassandraNode_scaleOut,
Fri Feb 21 14:26:45 UTC 2014,10.1397,0.2,0.12,1.0,CassandraNode_scaleOut,
Fri Feb 21 14:26:51 UTC 2014,10.1397,0.2,0.12,1.0,CassandraNode_scaleOut,
Fri Feb 21 14:26:57 UTC 2014,10.1397,0.2,0.12,1.0,CassandraNode_scaleOut,
Fri Feb 21 14:27:04 UTC 2014,10.1397,0.2,0.12,1.0,CassandraNode_scaleOut,
Fri Feb 21 14:27:09 UTC 2014,10.1397,0.2,0.12,1.0,CassandraNode_scaleOut,
Fri Feb 21 14:27:15 UTC 2014,10.1397,0.2,0.12,1.0,CassandraNode_scaleOut,
Fri Feb 21 14:27:21 UTC 2014,10.1397,0.2,0.12,1.0,CassandraNode_scaleOut,
Fri Feb 21 14:27:28 UTC 2014,10.1397,0.1,0.12,1.0,CassandraNode_scaleOut,
Fri Feb 21 14:27:34 UTC 2014,10.1397,0.1,0.12,1.0,CassandraNode_scaleOut,
Fri Feb 21 14:27:42 UTC 2014,10.1397,0.1,0.12,1.0,CassandraNode_scaleOut,
Fri Feb 21 14:27:48 UTC 2014,10.1397,0.1,0.12,1.0,CassandraNode_scaleOut,
Fri Feb 21 14:27:54 UTC 2014,10.1397,0.1,0.12,1.0,CassandraNode_scaleOut,
Fri Feb 21 14:28:00 UTC 2014,10.1397,0.1,0.12,1.0,CassandraNode_scaleOut,
Fri Feb 21 14:28:07 UTC 2014,10.1397,0.1,0.12,1.0,CassandraNode_scaleOut,
Fri Feb 21 14:28:12 UTC 2014,10.1397,0.1,0.12,1.0,CassandraNode_scaleOut,
Fri Feb 21 14:28:19 UTC 2014,10.1397,0.1,0.12,1.0,CassandraNode_scaleOut,
Fri Feb 21 14:28:25 UTC 2014,10.1397,0.1,0.12,1.0,CassandraNode_scaleOut,
Fri Feb 21 14:28:32 UTC 2014,10.1397,0.1,0.12,1.0,CassandraNode_scaleOut,
Fri Feb 21 14:28:38 UTC 2014,10.1397,0.1,0.12,1.0,CassandraNode_scaleOut,
Fri Feb 21 14:28:45 UTC 2014,10.1397,0.1,0.12,1.0,CassandraNode_scaleOut,
Fri Feb 21 14:28:51 UTC 2014,10.1397,0.1,0.12,1.0,CassandraNode_scaleOut,
Fri Feb 21 14:28:58 UTC 2014,10.1397,0.1,0.12,1.0,CassandraNode_scaleOut,
Fri Feb 21 14:29:04 UTC 2014,10.1397,0.1,0.12,1.0,CassandraNode_scaleOut,
Fri Feb 21 14:29:13 UTC 2014,10.1397,0.1,0.12,1.0,CassandraNode_scaleOut,
Fri Feb 21 14:29:20 UTC 2014,10.1397,0.1,0.12,1.0,CassandraNode_scaleIn,CassandraNode
Fri Feb 21 14:29:30 UTC 2014,10.1397,0.2997,0.12,1.0,CassandraNode_scaleIn,CassandraNode
Fri Feb 21 14:29:40 UTC 2014,10.1397,0.2997,0.12,1.0,CassandraNode_scaleIn,CassandraNode
Fri Feb 21 14:29:52 UTC 2014,10.1457,0.1002,0.12,1.0,CassandraNode_scaleIn,CassandraNode
Fri Feb 21 14:30:01 UTC 2014,10.1457,0.1002,0.12,1.0,CassandraNode_scaleIn,CassandraNode
Fri Feb 21 14:30:11 UTC 2014,10.1457,0.1002,0.12,1.0,CassandraNode_scaleIn,CassandraNode
Fri Feb 21 14:30:22 UTC 2014,10.1397,0.0,0.12,1.0,CassandraNode_scaleIn,CassandraNode
Fri Feb 21 14:30:33 UTC 2014,10.1397,0.0,0.12,1.0,CassandraNode_scaleIn,CassandraNode
Fri Feb 21 14:30:44 UTC 2014,10.1457,0.1002,0.12,1.0,CassandraNode_scaleIn,CassandraNode
Fri Feb 21 14:30:55 UTC 2014,10.1457,0.1002,0.12,1.0,CassandraNode_scaleIn,CassandraNode
Fri Feb 21 14:31:05 UTC 2014,10.1457,0.1002,0.12,1.0,CassandraNode_scaleIn,CassandraNode
Fri Feb 21 14:31:16 UTC 2014,10.1397,0.3003,0.12,1.0,CassandraNode_scaleIn,CassandraNode
Fri Feb 21 14:31:26 UTC 2014,10.1397,0.3003,0.12,1.0,CassandraNode_scaleIn,CassandraNode
Fri Feb 21 14:31:36 UTC 2014,10.1397,0.0,0.12,1.0,CassandraNode_scaleIn,CassandraNode
Fri Feb 21 14:31:47 UTC 2014,10.1397,0.0,0.12,1.0,CassandraNode_scaleIn,CassandraNode
Fri Feb 21 14:31:57 UTC 2014,10.1397,0.0,0.12,1.0,CassandraNode_scaleIn,CassandraNode
Fri Feb 21 14:32:07 UTC 2014,10.1397,0.1003,0.12,1.0,CassandraNode_scaleIn,CassandraNode
Fri Feb 21 14:32:16 UTC 2014,10.1397,0.1003,0.12,1.0,CassandraNode_scaleIn,CassandraNode
Fri Feb 21 14:32:27 UTC 2014,10.1397,0.2002,0.12,1.0,CassandraNode_scaleIn,CassandraNode
Fri Feb 21 14:32:37 UTC 2014,10.1397,0.2002,0.12,1.0,CassandraNode_scaleIn,CassandraNode
Fri Feb 21 14:32:47 UTC 2014,10.1397,0.2002,0.12,1.0,CassandraNode_scaleIn,CassandraNode
Fri Feb 21 14:32:59 UTC 2014,10.1397,0.2,0.12,1.0,CassandraNode_scaleIn,CassandraNode
Fri Feb 21 14:33:09 UTC 2014,10.1397,0.2,0.12,1.0,CassandraNode_scaleIn,CassandraNode
Fri Feb 21 14:33:20 UTC 2014,10.1397,0.1002,0.12,1.0,CassandraNode_scaleIn,CassandraNode
Fri Feb 21 14:33:30 UTC 2014,10.1397,0.1002,0.12,1.0,CassandraNode_scaleIn,CassandraNode
Fri Feb 21 14:33:41 UTC 2014,10.1397,0.2,0.12,1.0,CassandraNode_scaleIn,CassandraNode
Fri Feb 21 14:33:51 UTC 2014,10.1397,0.2,0.12,1.0,CassandraNode_scaleIn,
Fri Feb 21 14:34:00 UTC 2014,10.1397,0.2,0.12,1.0,CassandraNode_scaleIn,
Fri Feb 21 14:34:06 UTC 2014,10.1397,0.2,0.12,1.0,CassandraNode_scaleIn,
Fri Feb 21 14:34:12 UTC 2014,10.1397,0.2,0.12,1.0,CassandraNode_scaleIn,
Fri Feb 21 14:34:19 UTC 2014,10.1397,0.2,0.12,1.0,CassandraNode_scaleIn,
Fri Feb 21 14:34:25 UTC 2014,10.1397,0.2,0.12,1.0,CassandraNode_scaleIn,
Fri Feb 21 14:34:31 UTC 2014,10.1397,0.1002,0.12,1.0,CassandraNode_scaleIn,
Fri Feb 21 14:34:37 UTC 2014,10.1397,0.1002,0.12,1.0,CassandraNode_scaleIn,
Fri Feb 21 14:34:43 UTC 2014,10.1397,0.1002,0.12,1.0,CassandraNode_scaleIn,
Fri Feb 21 14:34:49 UTC 2014,10.1397,0.1002,0.12,1.0,CassandraNode_scaleIn,
Fri Feb 21 14:34:55 UTC 2014,10.1397,0.1002,0.12,1.0,CassandraNode_scaleIn,
Fri Feb 21 14:35:02 UTC 2014,10.1397,0.1002,0.12,1.0,CassandraNode_scaleIn,
Fri Feb 21 14:35:09 UTC 2014,10.1397,0.1002,0.12,1.0,CassandraNode_scaleIn,
Fri Feb 21 14:35:15 UTC 2014,10.1397,0.1002,0.12,1.0,CassandraNode_scaleIn,
Fri Feb 21 14:35:21 UTC 2014,10.1397,0.1002,0.12,1.0,CassandraNode_scaleIn,
Fri Feb 21 14:35:27 UTC 2014,10.1397,0.1002,0.12,1.0,CassandraNode_scaleIn,
Fri Feb 21 14:35:34 UTC 2014,10.1397,0.1002,0.12,1.0,CassandraNode_scaleIn,
Fri Feb 21 14:35:42 UTC 2014,10.1397,0.1002,0.12,1.0,CassandraNode_scaleIn,
Fri Feb 21 14:35:48 UTC 2014,10.1397,0.1002,0.12,1.0,CassandraNode_scaleIn,
Fri Feb 21 14:35:54 UTC 2014,10.1397,0.1002,0.12,1.0,CassandraNode_scaleIn,
Fri Feb 21 14:35:59 UTC 2014,10.1397,0.1002,0.12,1.0,CassandraNode_scaleIn,
Fri Feb 21 14:36:05 UTC 2014,10.1397,0.1002,0.12,1.0,CassandraNode_scaleIn,
Fri Feb 21 14:36:13 UTC 2014,10.1397,0.1002,0.12,1.0,CassandraNode_scaleIn,
Fri Feb 21 14:36:20 UTC 2014,10.1397,0.3992,0.12,1.0,CassandraNode_scaleIn,
Fri Feb 21 14:36:26 UTC 2014,10.1397,0.3992,0.12,1.0,CassandraNode_scaleIn,
Fri Feb 21 14:36:34 UTC 2014,10.1397,0.3992,0.12,1.0,CassandraNode_scaleIn,
Fri Feb 21 14:36:40 UTC 2014,10.1397,0.3992,0.12,1.0,CassandraNode_scaleIn,
Fri Feb 21 14:36:46 UTC 2014,10.1397,0.3992,0.12,1.0,CassandraNode_scaleIn,
Fri Feb 21 14:36:52 UTC 2014,10.1397,0.3992,0.12,1.0,CassandraNode_scaleIn,
Fri Feb 21 14:37:00 UTC 2014,10.1397,0.3992,0.12,1.0,CassandraNode_scaleIn,
Fri Feb 21 14:37:06 UTC 2014,10.1397,0.3992,0.12,1.0,CassandraNode_scaleIn,
Fri Feb 21 14:37:12 UTC 2014,10.1397,0.3992,0.12,1.0,CassandraNode_scaleIn,
Fri Feb 21 14:37:20 UTC 2014,10.1397,0.3992,0.12,1.0,CassandraNode_scaleIn,
Fri Feb 21 14:37:26 UTC 2014,10.1397,0.3992,0.12,1.0,CassandraNode_scaleIn,
Fri Feb 21 14:37:34 UTC 2014,10.1397,0.3992,0.12,1.0,CassandraNode_scaleIn,
Fri Feb 21 14:37:41 UTC 2014,10.1397,0.3992,0.12,1.0,CassandraNode_scaleIn,
Fri Feb 21 14:37:46 UTC 2014,10.1397,0.3992,0.12,1.0,CassandraNode_scaleIn,
Fri Feb 21 14:37:54 UTC 2014,10.1397,0.3992,0.12,1.0,CassandraNode_scaleIn,
Fri Feb 21 14:38:01 UTC 2014,10.1397,0.3992,0.12,1.0,CassandraNode_scaleIn,
Fri Feb 21 14:38:07 UTC 2014,10.1393,0.3003,0.12,1.0,CassandraNode_scaleIn,
Fri Feb 21 14:38:12 UTC 2014,10.1393,0.3003,0.12,1.0,CassandraNode_scaleIn,
Fri Feb 21 14:38:20 UTC 2014,10.1393,0.3003,0.12,1.0,CassandraNode_scaleIn,
Fri Feb 21 14:38:26 UTC 2014,10.1393,0.3003,0.12,1.0,CassandraNode_scaleIn,
Fri Feb 21 14:38:32 UTC 2014,10.1393,0.3003,0.12,1.0,CassandraNode_scaleIn,
Fri Feb 21 14:38:38 UTC 2014,10.1393,0.3003,0.12,1.0,CassandraNode_scaleIn,
Fri Feb 21 14:38:44 UTC 2014,10.1393,0.3003,0.12,1.0,CassandraNode_scaleIn,
Fri Feb 21 14:38:52 UTC 2014,10.1393,0.3003,0.12,1.0,CassandraNode_scaleIn,
Fri Feb 21 14:39:01 UTC 2014,10.1393,0.3003,0.12,1.0,CassandraNode_scaleIn,
Fri Feb 21 14:39:07 UTC 2014,10.1393,0.3003,0.12,1.0,CassandraNode_scaleIn,
Fri Feb 21 14:39:13 UTC 2014,10.1393,0.3003,0.12,1.0,CassandraNode_scaleIn,
Fri Feb 21 14:39:19 UTC 2014,10.1393,0.3003,0.12,1.0,CassandraNode_scaleIn,
Fri Feb 21 14:39:25 UTC 2014,10.1453,0.1998,0.12,1.0,CassandraNode_scaleIn,
Fri Feb 21 14:39:31 UTC 2014,10.1453,0.1998,0.12,1.0,CassandraNode_scaleIn,
Fri Feb 21 14:39:37 UTC 2014,10.1453,0.1998,0.12,1.0,CassandraNode_scaleIn,
Fri Feb 21 14:39:43 UTC 2014,10.1453,0.1998,0.12,1.0,CassandraNode_scaleIn,
Fri Feb 21 14:39:50 UTC 2014,10.1453,0.1998,0.12,1.0,CassandraNode_scaleIn,
Fri Feb 21 14:39:55 UTC 2014,10.1453,0.1998,0.12,1.0,CassandraNode_scaleIn,
Fri Feb 21 14:40:02 UTC 2014,10.1453,0.1998,0.12,1.0,CassandraNode_scaleIn,
Fri Feb 21 14:40:08 UTC 2014,10.1453,0.1998,0.12,1.0,CassandraNode_scaleIn,
Fri Feb 21 14:40:14 UTC 2014,10.1453,0.1998,0.12,1.0,CassandraNode_scaleIn,
Fri Feb 21 14:40:22 UTC 2014,10.1453,0.1998,0.12,1.0,CassandraNode_scaleIn,
Fri Feb 21 14:40:28 UTC 2014,10.1453,0.1998,0.12,1.0,CassandraNode_scaleIn,
Fri Feb 21 14:40:34 UTC 2014,10.1453,0.1998,0.12,1.0,CassandraNode_scaleIn,
Fri Feb 21 14:40:41 UTC 2014,10.1453,0.1998,0.12,1.0,CassandraNode_scaleIn,
Fri Feb 21 14:40:47 UTC 2014,10.1453,0.1998,0.12,1.0,CassandraNode_scaleIn,
Fri Feb 21 14:40:53 UTC 2014,10.1453,0.2997,0.12,1.0,CassandraNode_scaleIn,
Fri Feb 21 14:40:59 UTC 2014,10.1453,0.2997,0.12,1.0,CassandraNode_scaleOut,CassandraNode
Fri Feb 21 14:41:12 UTC 2014,10.1453,0.2997,0.12,1.0,CassandraNode_scaleOut,CassandraNode
Fri Feb 21 14:41:22 UTC 2014,10.1393,0.1,0.12,1.0,CassandraNode_scaleOut,CassandraNode
Fri Feb 21 14:41:32 UTC 2014,10.1393,0.1,0.12,1.0,CassandraNode_scaleOut,CassandraNode
Fri Feb 21 14:41:43 UTC 2014,10.1453,0.2004,0.12,1.0,CassandraNode_scaleOut,CassandraNode
Fri Feb 21 14:41:53 UTC 2014,10.1453,0.2004,0.12,1.0,CassandraNode_scaleOut,CassandraNode
Fri Feb 21 14:42:03 UTC 2014,10.1453,0.2004,0.12,1.0,CassandraNode_scaleOut,
Fri Feb 21 14:42:10 UTC 2014,10.1453,0.2004,0.12,1.0,CassandraNode_scaleOut,
Fri Feb 21 14:42:17 UTC 2014,10.1453,0.2004,0.12,1.0,CassandraNode_scaleOut,
Fri Feb 21 14:42:23 UTC 2014,10.1453,0.2004,0.12,1.0,CassandraNode_scaleOut,
Fri Feb 21 14:42:29 UTC 2014,10.1453,0.2004,0.12,1.0,CassandraNode_scaleOut,
Fri Feb 21 14:42:37 UTC 2014,10.1453,0.2004,0.12,1.0,CassandraNode_scaleOut,
Fri Feb 21 14:42:43 UTC 2014,10.1453,0.2004,0.12,1.0,CassandraNode_scaleOut,
Fri Feb 21 14:42:49 UTC 2014,10.1453,0.2004,0.12,1.0,CassandraNode_scaleOut,
Fri Feb 21 14:42:55 UTC 2014,10.1453,0.2004,0.12,1.0,CassandraNode_scaleOut,
Fri Feb 21 14:43:04 UTC 2014,10.1453,0.2004,0.12,1.0,CassandraNode_scaleOut,
Fri Feb 21 14:43:10 UTC 2014,10.1453,0.2004,0.12,1.0,CassandraNode_scaleOut,
Fri Feb 21 14:43:16 UTC 2014,10.1453,0.2004,0.12,1.0,CassandraNode_scaleOut,
Fri Feb 21 14:43:22 UTC 2014,10.1453,0.2004,0.12,1.0,CassandraNode_scaleOut,
Fri Feb 21 14:43:30 UTC 2014,10.1453,0.2004,0.12,1.0,CassandraNode_scaleOut,
Fri Feb 21 14:43:36 UTC 2014,10.1453,0.2004,0.12,1.0,CassandraNode_scaleOut,CassandraNode
Fri Feb 21 14:43:46 UTC 2014,10.1453,0.2004,0.12,1.0,CassandraNode_scaleOut,CassandraNode
Fri Feb 21 14:43:56 UTC 2014,10.1453,0.3006,0.12,1.0,CassandraNode_scaleOut,CassandraNode
Fri Feb 21 14:44:06 UTC 2014,10.1453,0.2002,0.12,1.0,CassandraNode_scaleOut,CassandraNode
Fri Feb 21 14:44:17 UTC 2014,10.1453,0.2002,0.12,1.0,CassandraNode_scaleOut,CassandraNode
Fri Feb 21 14:44:27 UTC 2014,10.1453,0.2002,0.12,1.0,CassandraNode_scaleOut,CassandraNode
Fri Feb 21 14:44:38 UTC 2014,10.1453,0.2002,0.12,1.0,CassandraNode_scaleOut,CassandraNode
Fri Feb 21 14:44:48 UTC 2014,10.1518,0.1001,0.12,1.0,CassandraNode_scaleOut,
Fri Feb 21 14:44:56 UTC 2014,10.1518,0.1001,0.12,1.0,CassandraNode_scaleOut,
Fri Feb 21 14:45:02 UTC 2014,10.1518,0.1001,0.12,1.0,CassandraNode_scaleOut,
Fri Feb 21 14:45:08 UTC 2014,10.1518,0.1001,0.12,1.0,CassandraNode_scaleOut,
Fri Feb 21 14:45:14 UTC 2014,10.1518,0.1001,0.12,1.0,CassandraNode_scaleOut,
Fri Feb 21 14:45:22 UTC 2014,10.1518,0.1001,0.12,1.0,CassandraNode_scaleOut,
Fri Feb 21 14:45:28 UTC 2014,10.1518,0.1001,0.12,1.0,CassandraNode_scaleOut,
Fri Feb 21 14:45:36 UTC 2014,10.1518,0.1001,0.12,1.0,CassandraNode_scaleOut,
Fri Feb 21 14:45:44 UTC 2014,10.1518,0.1001,0.12,1.0,CassandraNode_scaleOut,
Fri Feb 21 14:45:50 UTC 2014,10.1518,0.2002,0.12,1.0,CassandraNode_scaleOut,
Fri Feb 21 14:45:59 UTC 2014,10.1518,0.2002,0.12,1.0,CassandraNode_scaleOut,
Fri Feb 21 14:46:05 UTC 2014,10.1518,0.2002,0.12,1.0,AppServer_scaleIn,AppServer
Fri Feb 21 14:46:17 UTC 2014,10.1518,0.2002,0.12,1.0,AppServer_scaleIn,AppServer
Fri Feb 21 14:46:27 UTC 2014,10.1518,0.2002,0.12,1.0,AppServer_scaleIn,AppServer
Fri Feb 21 14:46:37 UTC 2014,10.1518,0.2002,0.12,1.0,AppServer_scaleIn,AppServer
Fri Feb 21 14:46:47 UTC 2014,10.1518,0.1001,0.12,1.0,AppServer_scaleIn,AppServer
Fri Feb 21 14:46:56 UTC 2014,10.1518,0.1001,0.12,1.0,AppServer_scaleIn,AppServer
Fri Feb 21 14:47:08 UTC 2014,10.1518,0.1001,0.12,1.0,AppServer_scaleIn,AppServer
Fri Feb 21 14:47:18 UTC 2014,10.1518,0.1001,0.12,1.0,AppServer_scaleIn,AppServer
Fri Feb 21 14:47:28 UTC 2014,10.1518,0.1001,0.12,1.0,AppServer_scaleIn,
Fri Feb 21 14:47:34 UTC 2014,10.1457,0.1003,0.12,1.0,AppServer_scaleIn,
Fri Feb 21 14:47:42 UTC 2014,10.1457,0.1003,0.12,1.0,AppServer_scaleIn,
Fri Feb 21 14:47:48 UTC 2014,10.1457,0.1003,0.12,1.0,AppServer_scaleIn,
Fri Feb 21 14:47:55 UTC 2014,10.1457,0.1003,0.12,1.0,AppServer_scaleIn,
Fri Feb 21 14:48:02 UTC 2014,10.1457,0.1003,0.12,1.0,AppServer_scaleIn,
Fri Feb 21 14:48:11 UTC 2014,10.1457,0.1003,0.12,1.0,AppServer_scaleIn,
Fri Feb 21 14:48:17 UTC 2014,10.1457,0.1003,0.12,1.0,AppServer_scaleIn,
Fri Feb 21 14:48:22 UTC 2014,10.1457,0.1003,0.12,1.0,AppServer_scaleIn,
Fri Feb 21 14:48:33 UTC 2014,10.1457,0.1003,0.12,1.0,AppServer_scaleIn,
Fri Feb 21 14:48:43 UTC 2014,10.1537,0.1002,0.12,1.0,AppServer_scaleIn,
Fri Feb 21 14:48:49 UTC 2014,10.1537,0.1002,0.12,1.0,AppServer_scaleIn,
Fri Feb 21 14:48:56 UTC 2014,10.1537,0.1002,0.12,1.0,AppServer_scaleIn,
Fri Feb 21 14:49:03 UTC 2014,10.1537,0.1002,0.12,1.0,AppServer_scaleIn,
Fri Feb 21 14:49:09 UTC 2014,10.1537,0.1002,0.12,1.0,AppServer_scaleIn,
Fri Feb 21 14:49:15 UTC 2014,10.1537,0.1002,0.12,1.0,AppServer_scaleIn,
Fri Feb 21 14:49:21 UTC 2014,10.1537,0.1002,0.12,1.0,AppServer_scaleIn,
Fri Feb 21 14:49:26 UTC 2014,10.1601,0.1002,0.12,1.0,AppServer_scaleIn,
Fri Feb 21 14:49:32 UTC 2014,10.1601,0.1002,0.12,1.0,AppServer_scaleIn,
Fri Feb 21 14:49:39 UTC 2014,10.1601,0.1002,0.12,1.0,AppServer_scaleIn,
Fri Feb 21 14:49:45 UTC 2014,10.1601,0.1002,0.12,1.0,AppServer_scaleIn,
Fri Feb 21 14:49:53 UTC 2014,10.1601,0.1002,0.12,1.0,AppServer_scaleIn,
Fri Feb 21 14:49:59 UTC 2014,10.1601,0.1002,0.12,1.0,AppServer_scaleIn,
Fri Feb 21 14:50:06 UTC 2014,10.1601,0.1002,0.12,1.0,AppServer_scaleIn,
Fri Feb 21 14:50:12 UTC 2014,10.1601,0.1002,0.12,1.0,AppServer_scaleIn,
Fri Feb 21 14:50:21 UTC 2014,10.1601,0.1002,0.12,1.0,AppServer_scaleIn,
Fri Feb 21 14:50:29 UTC 2014,10.1601,0.1002,0.12,1.0,AppServer_scaleIn,
Fri Feb 21 14:50:35 UTC 2014,10.1601,0.1002,0.12,1.0,AppServer_scaleIn,
Fri Feb 21 14:50:44 UTC 2014,10.1601,0.1002,0.12,1.0,AppServer_scaleIn,
Fri Feb 21 14:50:50 UTC 2014,10.1601,0.1002,0.12,1.0,AppServer_scaleIn,
Fri Feb 21 14:50:55 UTC 2014,10.1601,0.1002,0.12,1.0,AppServer_scaleIn,
Fri Feb 21 14:51:02 UTC 2014,10.1601,0.1002,0.12,1.0,AppServer_scaleIn,
Fri Feb 21 14:51:10 UTC 2014,10.1601,0.1002,0.12,1.0,AppServer_scaleIn,
Fri Feb 21 14:51:15 UTC 2014,10.1662,0.1003,0.12,1.0,AppServer_scaleIn,
Fri Feb 21 14:51:23 UTC 2014,10.1662,0.1003,0.12,1.0,AppServer_scaleIn,
Fri Feb 21 14:51:33 UTC 2014,10.1662,0.1003,0.12,1.0,AppServer_scaleIn,
Fri Feb 21 14:51:41 UTC 2014,10.1662,0.1003,0.12,1.0,AppServer_scaleIn,
Fri Feb 21 14:51:48 UTC 2014,10.1662,0.1003,0.12,1.0,AppServer_scaleIn,
Fri Feb 21 14:51:54 UTC 2014,10.1662,0.1003,0.12,1.0,AppServer_scaleIn,
Fri Feb 21 14:52:03 UTC 2014,10.1662,0.1003,0.12,1.0,AppServer_scaleIn,
Fri Feb 21 14:52:09 UTC 2014,10.1662,0.1003,0.12,1.0,AppServer_scaleIn,
Fri Feb 21 14:52:16 UTC 2014,10.1662,0.1003,0.12,1.0,AppServer_scaleIn,
Fri Feb 21 14:52:24 UTC 2014,10.1662,0.1003,0.12,1.0,AppServer_scaleIn,
Fri Feb 21 14:52:32 UTC 2014,10.1662,0.1003,0.12,1.0,AppServer_scaleIn,
Fri Feb 21 14:52:39 UTC 2014,10.1662,0.1003,0.12,1.0,AppServer_scaleIn,
Fri Feb 21 14:52:45 UTC 2014,10.1662,0.1003,0.12,1.0,CassandraNode_scaleOut,CassandraNode
Fri Feb 21 14:52:57 UTC 2014,10.1681,0.2002,0.12,1.0,CassandraNode_scaleOut,CassandraNode
Fri Feb 21 14:53:07 UTC 2014,10.1681,0.2002,0.12,1.0,CassandraNode_scaleOut,CassandraNode
Fri Feb 21 14:53:17 UTC 2014,10.1681,0.2002,0.12,1.0,CassandraNode_scaleOut,CassandraNode
Fri Feb 21 14:53:26 UTC 2014,10.1681,0.2002,0.12,1.0,CassandraNode_scaleOut,CassandraNode
Fri Feb 21 14:53:36 UTC 2014,10.1685,0.1,0.12,1.0,CassandraNode_scaleOut,CassandraNode
Fri Feb 21 14:53:48 UTC 2014,10.1685,0.1,0.12,1.0,CassandraNode_scaleOut,
Fri Feb 21 14:53:56 UTC 2014,10.1685,0.1,0.12,1.0,CassandraNode_scaleOut,
Fri Feb 21 14:54:04 UTC 2014,10.1685,0.1,0.12,1.0,CassandraNode_scaleOut,
Fri Feb 21 14:54:10 UTC 2014,10.1685,0.1,0.12,1.0,CassandraNode_scaleOut,
Fri Feb 21 14:54:17 UTC 2014,10.1685,0.1,0.12,1.0,CassandraNode_scaleOut,
Fri Feb 21 14:54:26 UTC 2014,10.1685,0.1,0.12,1.0,CassandraNode_scaleOut,
Fri Feb 21 14:54:32 UTC 2014,10.1685,0.1,0.12,1.0,CassandraNode_scaleOut,
Fri Feb 21 14:54:38 UTC 2014,10.1685,0.1,0.12,1.0,CassandraNode_scaleOut,
Fri Feb 21 14:54:46 UTC 2014,10.1685,0.3,0.12,1.0,CassandraNode_scaleOut,
Fri Feb 21 14:54:52 UTC 2014,10.1685,0.3,0.12,1.0,CassandraNode_scaleOut,
Fri Feb 21 14:54:57 UTC 2014,10.1685,0.3,0.12,1.0,CassandraNode_scaleIn,CassandraNode
Fri Feb 21 14:55:10 UTC 2014,10.1685,0.3,0.12,1.0,CassandraNode_scaleIn,CassandraNode
Fri Feb 21 14:55:20 UTC 2014,10.1685,0.3,0.12,1.0,CassandraNode_scaleIn,CassandraNode
Fri Feb 21 14:55:30 UTC 2014,10.1746,0.2,0.12,1.0,CassandraNode_scaleIn,CassandraNode
Fri Feb 21 14:55:40 UTC 2014,10.1746,0.2,0.12,1.0,CassandraNode_scaleIn,CassandraNode
Fri Feb 21 14:55:50 UTC 2014,10.1746,0.2,0.12,1.0,CassandraNode_scaleIn,CassandraNode
Fri Feb 21 14:55:59 UTC 2014,10.1746,0.2,0.12,1.0,CassandraNode_scaleIn,CassandraNode
Fri Feb 21 14:56:10 UTC 2014,10.1746,0.0,0.12,1.0,CassandraNode_scaleIn,CassandraNode
Fri Feb 21 14:56:20 UTC 2014,10.1746,0.0,0.12,1.0,CassandraNode_scaleIn,CassandraNode
Fri Feb 21 14:56:30 UTC 2014,10.1685,0.3996,0.12,1.0,CassandraNode_scaleIn,CassandraNode
Fri Feb 21 14:56:40 UTC 2014,10.1685,0.3996,0.12,1.0,CassandraNode_scaleIn,CassandraNode
Fri Feb 21 14:56:49 UTC 2014,10.1685,0.3996,0.12,1.0,CassandraNode_scaleIn,CassandraNode
Fri Feb 21 14:56:59 UTC 2014,10.1685,0.2,0.12,1.0,CassandraNode_scaleIn,CassandraNode
Fri Feb 21 14:57:09 UTC 2014,10.1685,0.2,0.12,1.0,CassandraNode_scaleIn,CassandraNode
Fri Feb 21 14:57:19 UTC 2014,10.1685,0.2,0.12,1.0,CassandraNode_scaleIn,CassandraNode
Fri Feb 21 14:57:29 UTC 2014,10.1685,0.2,0.12,1.0,CassandraNode_scaleIn,CassandraNode
Fri Feb 21 14:57:39 UTC 2014,10.1685,0.2,0.12,1.0,CassandraNode_scaleIn,CassandraNode
Fri Feb 21 14:57:49 UTC 2014,10.1625,0.3003,0.12,1.0,CassandraNode_scaleIn,CassandraNode
Fri Feb 21 14:58:00 UTC 2014,10.1625,0.3003,0.12,1.0,CassandraNode_scaleIn,CassandraNode
Fri Feb 21 14:58:10 UTC 2014,10.1625,0.3003,0.12,1.0,CassandraNode_scaleIn,CassandraNode
Fri Feb 21 14:58:21 UTC 2014,10.1625,0.3003,0.12,1.0,CassandraNode_scaleIn,CassandraNode
Fri Feb 21 14:58:30 UTC 2014,10.1654,0.0,0.12,1.0,CassandraNode_scaleIn,CassandraNode
Fri Feb 21 14:58:40 UTC 2014,10.1654,0.0,0.12,1.0,CassandraNode_scaleIn,CassandraNode
Fri Feb 21 14:58:50 UTC 2014,10.1654,0.0,0.12,1.0,CassandraNode_scaleIn,
Fri Feb 21 14:58:56 UTC 2014,10.1654,0.0,0.12,1.0,CassandraNode_scaleIn,
Fri Feb 21 14:59:04 UTC 2014,10.1654,0.0,0.12,1.0,CassandraNode_scaleIn,
Fri Feb 21 14:59:13 UTC 2014,10.1654,0.0,0.12,1.0,CassandraNode_scaleIn,
Fri Feb 21 14:59:21 UTC 2014,10.1699,0.1002,0.12,1.0,CassandraNode_scaleIn,
Fri Feb 21 14:59:26 UTC 2014,10.1699,0.1002,0.12,1.0,CassandraNode_scaleIn,
Fri Feb 21 14:59:34 UTC 2014,10.1699,0.1002,0.12,1.0,CassandraNode_scaleIn,
Fri Feb 21 14:59:40 UTC 2014,10.1699,0.1002,0.12,1.0,CassandraNode_scaleIn,
Fri Feb 21 14:59:47 UTC 2014,10.1699,0.1002,0.12,1.0,CassandraNode_scaleIn,
Fri Feb 21 14:59:53 UTC 2014,10.1699,0.1002,0.12,1.0,CassandraNode_scaleIn,
Fri Feb 21 15:00:01 UTC 2014,10.1699,0.1002,0.12,1.0,CassandraNode_scaleIn,
Fri Feb 21 15:00:06 UTC 2014,10.1699,0.1002,0.12,1.0,CassandraNode_scaleIn,
Fri Feb 21 15:00:14 UTC 2014,10.1699,0.1002,0.12,1.0,CassandraNode_scaleIn,
Fri Feb 21 15:00:24 UTC 2014,10.1699,0.1002,0.12,1.0,CassandraNode_scaleIn,
Fri Feb 21 15:00:31 UTC 2014,10.1699,0.1002,0.12,1.0,CassandraNode_scaleIn,
Fri Feb 21 15:00:38 UTC 2014,10.1699,0.1002,0.12,1.0,CassandraNode_scaleIn,
Fri Feb 21 15:00:45 UTC 2014,10.1699,0.1002,0.12,1.0,CassandraNode_scaleIn,
Fri Feb 21 15:00:51 UTC 2014,10.1699,0.1002,0.12,1.0,CassandraNode_scaleIn,
Fri Feb 21 15:00:58 UTC 2014,10.1699,0.1002,0.12,1.0,CassandraNode_scaleIn,
Fri Feb 21 15:01:05 UTC 2014,10.1699,0.1002,0.12,1.0,CassandraNode_scaleIn,
Fri Feb 21 15:01:14 UTC 2014,10.1699,0.1002,0.12,1.0,CassandraNode_scaleIn,
Fri Feb 21 15:01:23 UTC 2014,10.1715,0.0,0.12,1.0,CassandraNode_scaleIn,
Fri Feb 21 15:01:29 UTC 2014,10.1715,0.0,0.12,1.0,CassandraNode_scaleIn,
Fri Feb 21 15:01:35 UTC 2014,10.1715,0.0,0.12,1.0,CassandraNode_scaleIn,
Fri Feb 21 15:01:43 UTC 2014,10.1715,0.0,0.12,1.0,CassandraNode_scaleIn,
Fri Feb 21 15:01:51 UTC 2014,10.1715,0.0,0.12,1.0,CassandraNode_scaleIn,
Fri Feb 21 15:01:57 UTC 2014,10.1715,0.0,0.12,1.0,CassandraNode_scaleIn,
Fri Feb 21 15:02:05 UTC 2014,10.1715,0.0,0.12,1.0,CassandraNode_scaleIn,
Fri Feb 21 15:02:12 UTC 2014,10.1715,0.0,0.12,1.0,CassandraNode_scaleIn,
Fri Feb 21 15:02:19 UTC 2014,10.1715,0.0,0.12,1.0,CassandraNode_scaleIn,
Fri Feb 21 15:02:25 UTC 2014,10.1715,0.0,0.12,1.0,CassandraNode_scaleIn,
Fri Feb 21 15:02:32 UTC 2014,10.1715,0.0,0.12,1.0,CassandraNode_scaleIn,
Fri Feb 21 15:02:38 UTC 2014,10.1715,0.0,0.12,1.0,CassandraNode_scaleIn,
Fri Feb 21 15:02:45 UTC 2014,10.1715,0.0,0.12,1.0,CassandraNode_scaleOut,CassandraNode
Fri Feb 21 15:02:56 UTC 2014,10.1654,0.1002,0.12,1.0,CassandraNode_scaleOut,CassandraNode
Fri Feb 21 15:03:07 UTC 2014,10.1654,0.1002,0.12,1.0,CassandraNode_scaleOut,CassandraNode
Fri Feb 21 15:03:17 UTC 2014,10.1654,0.1002,0.12,1.0,CassandraNode_scaleOut,CassandraNode
Fri Feb 21 15:03:27 UTC 2014,10.167,0.0,0.12,1.0,CassandraNode_scaleOut,CassandraNode
Fri Feb 21 15:03:36 UTC 2014,10.167,0.3992,0.12,1.0,CassandraNode_scaleOut,CassandraNode
Fri Feb 21 15:03:46 UTC 2014,10.167,0.3992,0.12,1.0,CassandraNode_scaleOut,
Fri Feb 21 15:03:55 UTC 2014,10.167,0.3992,0.12,1.0,CassandraNode_scaleOut,
Fri Feb 21 15:04:01 UTC 2014,10.167,0.3992,0.12,1.0,CassandraNode_scaleOut,
Fri Feb 21 15:04:07 UTC 2014,10.167,0.3992,0.12,1.0,CassandraNode_scaleOut,
Fri Feb 21 15:04:13 UTC 2014,10.167,0.3992,0.12,1.0,CassandraNode_scaleOut,
Fri Feb 21 15:04:19 UTC 2014,10.1674,0.1002,0.12,1.0,CassandraNode_scaleOut,
Fri Feb 21 15:04:25 UTC 2014,10.1674,0.1002,0.12,1.0,CassandraNode_scaleOut,
Fri Feb 21 15:04:31 UTC 2014,10.1674,0.1002,0.12,1.0,CassandraNode_scaleOut,
Fri Feb 21 15:04:37 UTC 2014,10.1674,0.1002,0.12,1.0,CassandraNode_scaleOut,
Fri Feb 21 15:04:43 UTC 2014,10.1674,0.1002,0.12,1.0,CassandraNode_scaleOut,
Fri Feb 21 15:04:51 UTC 2014,10.1674,0.1002,0.12,1.0,CassandraNode_scaleOut,
Fri Feb 21 15:04:57 UTC 2014,10.1674,0.1002,0.12,1.0,CassandraNode_scaleOut,
Fri Feb 21 15:05:03 UTC 2014,10.1674,0.1002,0.12,1.0,CassandraNode_scaleOut,
Fri Feb 21 15:05:11 UTC 2014,10.1754,0.3,0.12,1.0,CassandraNode_scaleOut,
Fri Feb 21 15:05:16 UTC 2014,10.1754,0.3,0.12,1.0,CassandraNode_scaleOut,
Fri Feb 21 15:05:22 UTC 2014,10.1754,0.3,0.12,1.0,CassandraNode_scaleOut,
Fri Feb 21 15:05:28 UTC 2014,10.1754,0.3,0.12,1.0,CassandraNode_scaleOut,
Fri Feb 21 15:05:35 UTC 2014,10.1754,0.3,0.12,1.0,CassandraNode_scaleOut,
Fri Feb 21 15:05:42 UTC 2014,10.1754,0.3,0.12,1.0,CassandraNode_scaleOut,
Fri Feb 21 15:05:48 UTC 2014,10.1754,0.3,0.12,1.0,CassandraNode_scaleOut,
Fri Feb 21 15:05:55 UTC 2014,10.1754,0.3,0.12,1.0,CassandraNode_scaleOut,
Fri Feb 21 15:06:02 UTC 2014,10.1754,0.3,0.12,1.0,CassandraNode_scaleOut,
Fri Feb 21 15:06:09 UTC 2014,10.1754,0.3,0.12,1.0,CassandraNode_scaleOut,
Fri Feb 21 15:06:15 UTC 2014,10.1693,0.3006,0.12,1.0,CassandraNode_scaleOut,
Fri Feb 21 15:06:21 UTC 2014,10.1693,0.3006,0.12,1.0,CassandraNode_scaleOut,
Fri Feb 21 15:06:27 UTC 2014,10.1693,0.3006,0.12,1.0,CassandraNode_scaleOut,
Fri Feb 21 15:06:33 UTC 2014,10.1693,0.3006,0.12,1.0,CassandraNode_scaleOut,
Fri Feb 21 15:06:40 UTC 2014,10.1693,0.3006,0.12,1.0,CassandraNode_scaleOut,
Fri Feb 21 15:06:46 UTC 2014,10.1693,0.3006,0.12,1.0,CassandraNode_scaleOut,
Fri Feb 21 15:06:52 UTC 2014,10.1693,0.3006,0.12,1.0,CassandraNode_scaleOut,
Fri Feb 21 15:06:58 UTC 2014,10.1693,0.3006,0.12,1.0,CassandraNode_scaleOut,
Fri Feb 21 15:07:04 UTC 2014,10.1693,0.3006,0.12,1.0,CassandraNode_scaleOut,
Fri Feb 21 15:07:11 UTC 2014,10.1693,0.3006,0.12,1.0,CassandraNode_scaleOut,
Fri Feb 21 15:07:17 UTC 2014,10.1693,0.3006,0.12,1.0,CassandraNode_scaleOut,
Fri Feb 21 15:07:23 UTC 2014,10.1754,0.2002,0.12,1.0,CassandraNode_scaleOut,
Fri Feb 21 15:07:32 UTC 2014,10.1754,0.2002,0.12,1.0,CassandraNode_scaleOut,
Fri Feb 21 15:07:38 UTC 2014,10.1754,0.2002,0.12,1.0,CassandraNode_scaleOut,
Fri Feb 21 15:07:45 UTC 2014,10.1754,0.2002,0.12,1.0,CassandraNode_scaleOut,
Fri Feb 21 15:07:52 UTC 2014,10.1754,0.2002,0.12,1.0,CassandraNode_scaleOut,
Fri Feb 21 15:07:58 UTC 2014,10.1754,0.2002,0.12,1.0,CassandraNode_scaleOut,
Fri Feb 21 15:08:04 UTC 2014,10.1754,0.2002,0.12,1.0,CassandraNode_scaleOut,
Fri Feb 21 15:08:10 UTC 2014,10.1754,0.2002,0.12,1.0,CassandraNode_scaleOut,
Fri Feb 21 15:08:16 UTC 2014,10.1754,0.2002,0.12,1.0,CassandraNode_scaleOut,
Fri Feb 21 15:08:22 UTC 2014,10.1754,0.2002,0.12,1.0,AppServer_scaleIn,AppServer
Fri Feb 21 15:08:32 UTC 2014,10.1754,0.2002,0.12,1.0,AppServer_scaleIn,AppServer
Fri Feb 21 15:08:42 UTC 2014,10.1754,0.2002,0.12,1.0,AppServer_scaleIn,AppServer
Fri Feb 21 15:08:52 UTC 2014,10.1697,0.2004,0.12,1.0,AppServer_scaleIn,AppServer
Fri Feb 21 15:09:04 UTC 2014,10.1697,0.2004,0.12,1.0,AppServer_scaleIn,AppServer
Fri Feb 21 15:09:14 UTC 2014,10.1697,0.2004,0.12,1.0,AppServer_scaleIn,AppServer
Fri Feb 21 15:09:26 UTC 2014,10.1564,0.2,0.12,1.0,AppServer_scaleIn,AppServer
Fri Feb 21 15:09:36 UTC 2014,10.1564,0.2,0.12,1.0,AppServer_scaleIn,AppServer
Fri Feb 21 15:09:45 UTC 2014,10.1564,0.2,0.12,1.0,AppServer_scaleIn,AppServer
Fri Feb 21 15:09:55 UTC 2014,10.1564,0.6,0.12,1.0,AppServer_scaleIn,AppServer
Fri Feb 21 15:10:05 UTC 2014,10.2054,0.6,0.12,1.0,AppServer_scaleIn,AppServer
Fri Feb 21 15:10:15 UTC 2014,10.2054,0.6,0.12,1.0,AppServer_scaleIn,AppServer
Fri Feb 21 15:10:24 UTC 2014,10.1941,0.5005,0.12,1.0,AppServer_scaleIn,AppServer
Fri Feb 21 15:10:34 UTC 2014,10.1941,0.5005,0.12,1.0,AppServer_scaleIn,AppServer
Fri Feb 21 15:10:44 UTC 2014,10.1941,0.5005,0.12,1.0,AppServer_scaleIn,AppServer
Fri Feb 21 15:10:54 UTC 2014,10.1941,0.5005,0.12,1.0,AppServer_scaleIn,AppServer
Fri Feb 21 15:11:05 UTC 2014,10.1853,0.3,0.12,1.0,AppServer_scaleIn,
Fri Feb 21 15:11:12 UTC 2014,10.1853,0.3992,0.12,1.0,AppServer_scaleIn,
Fri Feb 21 15:11:23 UTC 2014,10.1853,0.3992,0.12,1.0,AppServer_scaleIn,
Fri Feb 21 15:11:30 UTC 2014,10.1853,0.3992,0.12,1.0,AppServer_scaleIn,
Fri Feb 21 15:11:35 UTC 2014,10.1853,0.3992,0.12,1.0,AppServer_scaleIn,
Fri Feb 21 15:11:43 UTC 2014,10.1853,0.3992,0.12,1.0,AppServer_scaleIn,
Fri Feb 21 15:11:48 UTC 2014,10.1853,0.3992,0.12,1.0,AppServer_scaleIn,
Fri Feb 21 15:11:54 UTC 2014,10.1853,0.3992,0.12,1.0,AppServer_scaleIn,
Fri Feb 21 15:12:00 UTC 2014,10.1853,0.3992,0.12,1.0,AppServer_scaleIn,
Fri Feb 21 15:12:06 UTC 2014,10.1853,0.3992,0.12,1.0,AppServer_scaleIn,
Fri Feb 21 15:12:13 UTC 2014,10.1853,0.3992,0.12,1.0,AppServer_scaleIn,
Fri Feb 21 15:12:19 UTC 2014,10.1853,0.3992,0.12,1.0,AppServer_scaleIn,
Fri Feb 21 15:12:25 UTC 2014,10.1929,0.2,0.12,1.0,AppServer_scaleIn,
Fri Feb 21 15:12:31 UTC 2014,10.1929,0.2,0.12,1.0,AppServer_scaleIn,
Fri Feb 21 15:12:37 UTC 2014,10.1929,0.2,0.12,1.0,AppServer_scaleIn,
Fri Feb 21 15:12:44 UTC 2014,10.1929,0.2,0.12,1.0,AppServer_scaleIn,
Fri Feb 21 15:12:49 UTC 2014,10.1929,0.2,0.12,1.0,AppServer_scaleIn,
Fri Feb 21 15:12:55 UTC 2014,10.1929,0.2,0.12,1.0,AppServer_scaleIn,
Fri Feb 21 15:13:01 UTC 2014,10.1929,0.2,0.12,1.0,AppServer_scaleIn,
Fri Feb 21 15:13:07 UTC 2014,10.1929,0.2,0.12,1.0,AppServer_scaleIn,
Fri Feb 21 15:13:13 UTC 2014,10.1929,0.2,0.12,1.0,AppServer_scaleIn,
Fri Feb 21 15:13:21 UTC 2014,10.1929,0.2,0.12,1.0,AppServer_scaleIn,
Fri Feb 21 15:13:27 UTC 2014,10.1929,0.2,0.12,1.0,AppServer_scaleIn,
Fri Feb 21 15:13:33 UTC 2014,10.1929,0.2,0.12,1.0,AppServer_scaleIn,
Fri Feb 21 15:13:41 UTC 2014,10.1929,0.2,0.12,1.0,AppServer_scaleIn,
Fri Feb 21 15:13:47 UTC 2014,10.1929,0.2,0.12,1.0,AppServer_scaleIn,
Fri Feb 21 15:13:53 UTC 2014,10.1929,0.2,0.12,1.0,AppServer_scaleIn,
Fri Feb 21 15:14:01 UTC 2014,10.1929,0.2,0.12,1.0,AppServer_scaleIn,
Fri Feb 21 15:14:06 UTC 2014,10.1929,0.2,0.12,1.0,AppServer_scaleIn,
Fri Feb 21 15:14:13 UTC 2014,10.1929,0.2,0.12,1.0,AppServer_scaleIn,
Fri Feb 21 15:14:19 UTC 2014,10.1929,0.2,0.12,1.0,AppServer_scaleIn,
Fri Feb 21 15:14:25 UTC 2014,10.1929,0.2,0.12,1.0,AppServer_scaleIn,
Fri Feb 21 15:14:32 UTC 2014,10.3144,0.0,0.12,1.0,AppServer_scaleIn,
Fri Feb 21 15:14:40 UTC 2014,10.3144,0.0,0.12,1.0,AppServer_scaleIn,
Fri Feb 21 15:14:46 UTC 2014,10.3144,0.0,0.12,1.0,AppServer_scaleIn,
Fri Feb 21 15:14:52 UTC 2014,10.3144,0.0,0.12,1.0,AppServer_scaleIn,
Fri Feb 21 15:14:58 UTC 2014,10.3144,0.0,0.12,1.0,AppServer_scaleIn,
Fri Feb 21 15:15:04 UTC 2014,10.3144,0.0,0.12,1.0,AppServer_scaleIn,
Fri Feb 21 15:15:10 UTC 2014,10.3144,0.0,0.12,1.0,AppServer_scaleIn,
Fri Feb 21 15:15:16 UTC 2014,10.3144,0.0,0.12,1.0,AppServer_scaleIn,
Fri Feb 21 15:15:24 UTC 2014,10.3144,0.0,0.12,1.0,AppServer_scaleIn,
Fri Feb 21 15:15:30 UTC 2014,10.3144,0.0,0.12,1.0,CassandraNode_scaleOut,CassandraNode
Fri Feb 21 15:15:40 UTC 2014,10.3144,0.0,0.12,1.0,CassandraNode_scaleOut,CassandraNode
Fri Feb 21 15:15:50 UTC 2014,10.327,0.4004,0.12,1.0,CassandraNode_scaleOut,CassandraNode
Fri Feb 21 15:15:59 UTC 2014,10.327,0.4004,0.12,1.0,CassandraNode_scaleOut,CassandraNode
Fri Feb 21 15:16:10 UTC 2014,10.2962,0.1002,0.12,1.0,CassandraNode_scaleOut,CassandraNode
Fri Feb 21 15:16:20 UTC 2014,10.2962,0.1002,0.12,1.0,CassandraNode_scaleOut,
Fri Feb 21 15:16:28 UTC 2014,10.2962,0.1002,0.12,1.0,CassandraNode_scaleOut,
Fri Feb 21 15:16:35 UTC 2014,10.2962,0.1002,0.12,1.0,CassandraNode_scaleOut,
Fri Feb 21 15:16:42 UTC 2014,10.2962,0.1002,0.12,1.0,CassandraNode_scaleOut,
Fri Feb 21 15:16:47 UTC 2014,10.2962,0.1002,0.12,1.0,CassandraNode_scaleOut,
Fri Feb 21 15:16:53 UTC 2014,10.291,0.3,0.12,1.0,CassandraNode_scaleOut,
Fri Feb 21 15:16:59 UTC 2014,10.291,0.3,0.12,1.0,CassandraNode_scaleOut,
Fri Feb 21 15:17:07 UTC 2014,10.291,0.3,0.12,1.0,CassandraNode_scaleOut,
Fri Feb 21 15:17:14 UTC 2014,10.291,0.3,0.12,1.0,CassandraNode_scaleOut,
Fri Feb 21 15:17:21 UTC 2014,10.291,0.3,0.12,1.0,CassandraNode_scaleOut,
Fri Feb 21 15:17:27 UTC 2014,10.291,0.3,0.12,1.0,CassandraNode_scaleOut,
Fri Feb 21 15:17:35 UTC 2014,10.291,0.3,0.12,1.0,CassandraNode_scaleOut,
Fri Feb 21 15:17:41 UTC 2014,10.291,0.3,0.12,1.0,CassandraNode_scaleOut,
Fri Feb 21 15:17:46 UTC 2014,10.291,0.3,0.12,1.0,CassandraNode_scaleOut,
Fri Feb 21 15:17:52 UTC 2014,10.291,0.3,0.12,1.0,CassandraNode_scaleOut,
Fri Feb 21 15:18:00 UTC 2014,10.291,0.3,0.12,1.0,CassandraNode_scaleOut,
Fri Feb 21 15:18:06 UTC 2014,10.291,0.3,0.12,1.0,CassandraNode_scaleOut,
Fri Feb 21 15:18:15 UTC 2014,10.291,0.3,0.12,1.0,AppServer_scaleIn,
Fri Feb 21 15:18:24 UTC 2014,10.291,0.3,0.12,1.0,AppServer_scaleIn,
Fri Feb 21 15:18:30 UTC 2014,10.291,0.3,0.12,1.0,AppServer_scaleIn,
Fri Feb 21 15:18:37 UTC 2014,10.291,0.3,0.12,1.0,AppServer_scaleIn,
Fri Feb 21 15:18:45 UTC 2014,10.291,0.3,0.12,1.0,AppServer_scaleIn,
Fri Feb 21 15:18:55 UTC 2014,10.2937,0.1002,0.12,1.0,AppServer_scaleIn,
Fri Feb 21 15:19:01 UTC 2014,10.2937,0.1002,0.12,1.0,AppServer_scaleIn,
Fri Feb 21 15:19:07 UTC 2014,10.2937,0.1002,0.12,1.0,AppServer_scaleIn,
Fri Feb 21 15:19:17 UTC 2014,10.2937,0.1002,0.12,1.0,AppServer_scaleIn,
Fri Feb 21 15:19:24 UTC 2014,10.2937,0.1002,0.12,1.0,AppServer_scaleIn,
Fri Feb 21 15:19:32 UTC 2014,10.2937,0.1002,0.12,1.0,AppServer_scaleIn,
Fri Feb 21 15:19:39 UTC 2014,10.2937,0.1002,0.12,1.0,AppServer_scaleIn,
Fri Feb 21 15:19:45 UTC 2014,10.2937,0.1002,0.12,1.0,AppServer_scaleIn,
Fri Feb 21 15:19:51 UTC 2014,10.2937,0.1002,0.12,1.0,AppServer_scaleIn,
Fri Feb 21 15:19:57 UTC 2014,10.2937,0.1002,0.12,1.0,AppServer_scaleIn,
Fri Feb 21 15:20:04 UTC 2014,10.2937,0.1002,0.12,1.0,AppServer_scaleIn,
Fri Feb 21 15:20:11 UTC 2014,10.2937,0.1002,0.12,1.0,AppServer_scaleIn,
Fri Feb 21 15:20:17 UTC 2014,10.2937,0.1002,0.12,1.0,AppServer_scaleIn,
Fri Feb 21 15:20:25 UTC 2014,10.2937,0.1002,0.12,1.0,AppServer_scaleIn,
Fri Feb 21 15:20:30 UTC 2014,10.2937,0.1002,0.12,1.0,AppServer_scaleIn,
Fri Feb 21 15:20:38 UTC 2014,10.2937,0.1002,0.12,1.0,AppServer_scaleIn,
Fri Feb 21 15:20:46 UTC 2014,10.2937,0.1002,0.12,1.0,AppServer_scaleIn,
Fri Feb 21 15:20:52 UTC 2014,10.2937,0.3,0.12,1.0,AppServer_scaleIn,
Fri Feb 21 15:21:00 UTC 2014,10.2937,0.3,0.12,1.0,AppServer_scaleIn,
Fri Feb 21 15:21:07 UTC 2014,10.2937,0.3,0.12,1.0,AppServer_scaleIn,
Fri Feb 21 15:21:13 UTC 2014,10.2937,0.3,0.12,1.0,AppServer_scaleIn,
Fri Feb 21 15:21:20 UTC 2014,10.2937,0.3,0.12,1.0,AppServer_scaleIn,
Fri Feb 21 15:21:25 UTC 2014,10.2937,0.3,0.12,1.0,AppServer_scaleIn,
Fri Feb 21 15:21:31 UTC 2014,10.2937,0.3,0.12,1.0,AppServer_scaleIn,
Fri Feb 21 15:21:37 UTC 2014,10.2937,0.3,0.12,1.0,AppServer_scaleIn,
Fri Feb 21 15:21:45 UTC 2014,10.2937,0.3,0.12,1.0,AppServer_scaleIn,
Fri Feb 21 15:21:53 UTC 2014,10.2937,0.3,0.12,1.0,AppServer_scaleIn,
Fri Feb 21 15:22:03 UTC 2014,10.2937,0.3,0.12,1.0,AppServer_scaleIn,
Fri Feb 21 15:22:11 UTC 2014,10.2937,0.3,0.12,1.0,AppServer_scaleIn,
Fri Feb 21 15:22:18 UTC 2014,10.2937,0.3,0.12,1.0,AppServer_scaleIn,
Fri Feb 21 15:22:25 UTC 2014,10.2937,0.3,0.12,1.0,AppServer_scaleIn,
Fri Feb 21 15:22:31 UTC 2014,10.2937,0.3,0.12,1.0,AppServer_scaleIn,
Fri Feb 21 15:22:37 UTC 2014,10.2933,0.1002,0.12,1.0,AppServer_scaleIn,
Fri Feb 21 15:22:44 UTC 2014,10.2933,0.1002,0.12,1.0,AppServer_scaleIn,
Fri Feb 21 15:22:50 UTC 2014,10.2933,0.1002,0.12,1.0,AppServer_scaleIn,
Fri Feb 21 15:22:57 UTC 2014,10.2933,0.1002,0.12,1.0,AppServer_scaleIn,
Fri Feb 21 15:23:03 UTC 2014,10.2933,0.1002,0.12,1.0,AppServer_scaleIn,
Fri Feb 21 15:23:09 UTC 2014,10.2933,0.1002,0.12,1.0,AppServer_scaleIn,
Fri Feb 21 15:23:17 UTC 2014,10.2933,0.1002,0.12,1.0,AppServer_scaleIn,
Fri Feb 21 15:23:23 UTC 2014,10.2933,0.1002,0.12,1.0,AppServer_scaleIn,
Fri Feb 21 15:23:30 UTC 2014,10.2933,0.1002,0.12,1.0,AppServer_scaleIn,
Fri Feb 21 15:23:36 UTC 2014,10.2933,0.1002,0.12,1.0,AppServer_scaleIn,
Fri Feb 21 15:23:42 UTC 2014,10.2933,0.1002,0.12,1.0,AppServer_scaleIn,
Fri Feb 21 15:23:49 UTC 2014,10.2933,0.1002,0.12,1.0,AppServer_scaleIn,
Fri Feb 21 15:23:56 UTC 2014,10.2853,0.2002,0.12,1.0,AppServer_scaleIn,
Fri Feb 21 15:24:04 UTC 2014,10.2853,0.2002,0.12,1.0,AppServer_scaleIn,
Fri Feb 21 15:24:10 UTC 2014,10.2853,0.2002,0.12,1.0,AppServer_scaleIn,
Fri Feb 21 15:24:17 UTC 2014,10.2853,0.2002,0.12,1.0,AppServer_scaleIn,
Fri Feb 21 15:24:23 UTC 2014,10.2853,0.2002,0.12,1.0,AppServer_scaleIn,
Fri Feb 21 15:24:31 UTC 2014,10.2853,0.2002,0.12,1.0,AppServer_scaleIn,
Fri Feb 21 15:24:40 UTC 2014,10.2853,0.2002,0.12,1.0,AppServer_scaleIn,
Fri Feb 21 15:24:46 UTC 2014,10.2853,0.2002,0.12,1.0,AppServer_scaleIn,
Fri Feb 21 15:24:54 UTC 2014,10.2853,0.2002,0.12,1.0,AppServer_scaleIn,
Fri Feb 21 15:25:02 UTC 2014,10.2853,0.2002,0.12,1.0,AppServer_scaleIn,
Fri Feb 21 15:25:08 UTC 2014,10.2853,0.2002,0.12,1.0,AppServer_scaleIn,
Fri Feb 21 15:25:15 UTC 2014,10.2853,0.2002,0.12,1.0,AppServer_scaleIn,
Fri Feb 21 15:25:21 UTC 2014,10.2853,0.2002,0.12,1.0,AppServer_scaleIn,
Fri Feb 21 15:25:26 UTC 2014,10.2853,0.2002,0.12,1.0,AppServer_scaleOut,AppServer
Fri Feb 21 15:25:36 UTC 2014,10.2853,0.2002,0.12,1.0,AppServer_scaleOut,AppServer
Fri Feb 21 15:25:46 UTC 2014,10.2783,0.1,0.12,1.0,AppServer_scaleOut,AppServer
Fri Feb 21 15:25:56 UTC 2014,10.2783,0.1,0.12,1.0,AppServer_scaleOut,AppServer
Fri Feb 21 15:26:07 UTC 2014,10.2783,0.1,0.12,1.0,AppServer_scaleOut,AppServer
Fri Feb 21 15:26:18 UTC 2014,10.2783,0.1,0.12,1.0,AppServer_scaleOut,
Fri Feb 21 15:26:26 UTC 2014,10.2775,0.2,0.12,1.0,AppServer_scaleOut,
Fri Feb 21 15:26:34 UTC 2014,10.2775,0.2,0.12,1.0,AppServer_scaleOut,
Fri Feb 21 15:26:42 UTC 2014,10.2775,0.2,0.12,1.0,AppServer_scaleOut,
Fri Feb 21 15:26:52 UTC 2014,10.2775,0.2,0.12,1.0,AppServer_scaleOut,
Fri Feb 21 15:26:59 UTC 2014,10.2775,0.2,0.12,1.0,AppServer_scaleOut,
Fri Feb 21 15:27:06 UTC 2014,10.2775,0.2,0.12,1.0,AppServer_scaleOut,
Fri Feb 21 15:27:13 UTC 2014,10.2775,0.2,0.12,1.0,AppServer_scaleOut,
Fri Feb 21 15:27:22 UTC 2014,10.2775,0.2,0.12,1.0,AppServer_scaleOut,
Fri Feb 21 15:27:29 UTC 2014,10.2775,0.2,0.12,1.0,AppServer_scaleOut,
Fri Feb 21 15:27:35 UTC 2014,10.2775,0.2,0.12,1.0,AppServer_scaleOut,
Fri Feb 21 15:27:45 UTC 2014,10.2775,0.2,0.12,1.0,AppServer_scaleOut,
Fri Feb 21 15:27:51 UTC 2014,10.2775,0.2,0.12,1.0,AppServer_scaleOut,
Fri Feb 21 15:27:57 UTC 2014,10.2775,0.2,0.12,1.0,AppServer_scaleOut,
Fri Feb 21 15:28:07 UTC 2014,10.2775,0.2,0.12,1.0,AppServer_scaleOut,
Fri Feb 21 15:28:14 UTC 2014,10.2775,0.2,0.12,1.0,AppServer_scaleOut,
Fri Feb 21 15:28:20 UTC 2014,10.2775,0.2,0.12,1.0,AppServer_scaleOut,
Fri Feb 21 15:28:27 UTC 2014,10.2775,0.2,0.12,1.0,AppServer_scaleOut,
Fri Feb 21 15:28:33 UTC 2014,10.2775,0.2,0.12,1.0,AppServer_scaleOut,
Fri Feb 21 15:28:41 UTC 2014,10.2775,0.2,0.12,1.0,AppServer_scaleOut,
Fri Feb 21 15:28:49 UTC 2014,10.2775,0.2,0.12,1.0,AppServer_scaleOut,
Fri Feb 21 15:28:57 UTC 2014,10.2775,0.2,0.12,1.0,AppServer_scaleOut,
Fri Feb 21 15:29:03 UTC 2014,10.2775,0.2,0.12,1.0,AppServer_scaleOut,
Fri Feb 21 15:29:11 UTC 2014,10.2336,0.0,0.12,1.0,AppServer_scaleOut,
Fri Feb 21 15:29:20 UTC 2014,10.2336,0.0,0.12,1.0,AppServer_scaleOut,
Fri Feb 21 15:29:25 UTC 2014,10.2336,0.0,0.12,1.0,AppServer_scaleIn,AppServer
Fri Feb 21 15:29:36 UTC 2014,10.2336,0.0,0.12,1.0,AppServer_scaleIn,AppServer
Fri Feb 21 15:29:46 UTC 2014,10.2336,0.0,0.12,1.0,AppServer_scaleIn,AppServer
Fri Feb 21 15:29:57 UTC 2014,10.2336,0.0,0.12,1.0,AppServer_scaleIn,AppServer
Fri Feb 21 15:30:07 UTC 2014,10.2336,0.0,0.12,1.0,AppServer_scaleIn,AppServer
Fri Feb 21 15:30:17 UTC 2014,10.2336,0.0,0.12,1.0,AppServer_scaleIn,AppServer
Fri Feb 21 15:30:27 UTC 2014,10.2336,0.0,0.12,1.0,AppServer_scaleIn,AppServer
Fri Feb 21 15:30:38 UTC 2014,10.2336,0.0,0.12,1.0,AppServer_scaleIn,AppServer
Fri Feb 21 15:30:47 UTC 2014,10.2344,0.0,0.12,1.0,AppServer_scaleIn,AppServer
Fri Feb 21 15:30:57 UTC 2014,10.2344,0.0,0.12,1.0,AppServer_scaleIn,AppServer
Fri Feb 21 15:31:07 UTC 2014,10.2344,0.0,0.12,1.0,AppServer_scaleIn,AppServer
Fri Feb 21 15:31:17 UTC 2014,10.2344,0.0,0.12,1.0,AppServer_scaleIn,AppServer
Fri Feb 21 15:31:27 UTC 2014,10.2344,0.0,0.12,1.0,AppServer_scaleIn,AppServer
Fri Feb 21 15:31:37 UTC 2014,10.2344,0.2002,0.12,1.0,AppServer_scaleIn,AppServer
Fri Feb 21 15:31:47 UTC 2014,10.2344,0.2002,0.12,1.0,AppServer_scaleIn,AppServer
Fri Feb 21 15:31:58 UTC 2014,10.2344,0.2002,0.12,1.0,AppServer_scaleIn,AppServer
Fri Feb 21 15:32:07 UTC 2014,10.2344,0.2002,0.12,1.0,AppServer_scaleIn,
Fri Feb 21 15:32:13 UTC 2014,10.2344,0.2002,0.12,1.0,AppServer_scaleIn,
Fri Feb 21 15:32:21 UTC 2014,10.2344,0.2002,0.12,1.0,AppServer_scaleIn,
Fri Feb 21 15:32:27 UTC 2014,10.2344,0.2002,0.12,1.0,AppServer_scaleIn,
Fri Feb 21 15:32:33 UTC 2014,10.2344,0.2002,0.12,1.0,AppServer_scaleIn,
Fri Feb 21 15:32:42 UTC 2014,10.2344,0.2002,0.12,1.0,AppServer_scaleIn,
Fri Feb 21 15:32:48 UTC 2014,10.2344,0.2002,0.12,1.0,AppServer_scaleIn,
Fri Feb 21 15:32:54 UTC 2014,10.2344,0.2002,0.12,1.0,AppServer_scaleIn,
Fri Feb 21 15:33:01 UTC 2014,10.2344,0.2002,0.12,1.0,AppServer_scaleIn,
Fri Feb 21 15:33:08 UTC 2014,10.2344,0.2002,0.12,1.0,AppServer_scaleIn,
Fri Feb 21 15:33:16 UTC 2014,10.2344,0.2002,0.12,1.0,AppServer_scaleIn,
Fri Feb 21 15:33:22 UTC 2014,10.2344,0.1,0.12,1.0,AppServer_scaleIn,
Fri Feb 21 15:33:32 UTC 2014,10.2344,0.1,0.12,1.0,AppServer_scaleIn,
Fri Feb 21 15:33:39 UTC 2014,10.2344,0.1,0.12,1.0,AppServer_scaleIn,
Fri Feb 21 15:33:46 UTC 2014,10.2344,0.1,0.12,1.0,AppServer_scaleIn,
Fri Feb 21 15:33:56 UTC 2014,10.2344,0.1,0.12,1.0,AppServer_scaleIn,
Fri Feb 21 15:34:04 UTC 2014,10.2344,0.1,0.12,1.0,AppServer_scaleIn,
Fri Feb 21 15:34:12 UTC 2014,10.2344,0.1,0.12,1.0,AppServer_scaleIn,
Fri Feb 21 15:34:18 UTC 2014,10.2344,0.1,0.12,1.0,AppServer_scaleIn,
Fri Feb 21 15:34:27 UTC 2014,10.2344,0.1,0.12,1.0,AppServer_scaleIn,
Fri Feb 21 15:34:37 UTC 2014,10.2344,0.1,0.12,1.0,AppServer_scaleIn,
Fri Feb 21 15:34:42 UTC 2014,10.2344,0.1,0.12,1.0,AppServer_scaleIn,
Fri Feb 21 15:34:48 UTC 2014,10.2344,0.1,0.12,1.0,AppServer_scaleIn,
Fri Feb 21 15:34:54 UTC 2014,10.2344,0.1,0.12,1.0,AppServer_scaleIn,
Fri Feb 21 15:35:01 UTC 2014,10.2344,0.1,0.12,1.0,AppServer_scaleIn,
Fri Feb 21 15:35:07 UTC 2014,10.2344,0.1,0.12,1.0,AppServer_scaleIn,
Fri Feb 21 15:35:15 UTC 2014,10.2344,0.1,0.12,1.0,AppServer_scaleIn,
Fri Feb 21 15:35:24 UTC 2014,10.2344,0.1,0.12,1.0,AppServer_scaleIn,
Fri Feb 21 15:35:32 UTC 2014,10.2344,0.1,0.12,1.0,AppServer_scaleIn,
Fri Feb 21 15:35:38 UTC 2014,10.2344,0.1,0.12,1.0,AppServer_scaleIn,
Fri Feb 21 15:35:47 UTC 2014,10.2344,0.1,0.12,1.0,AppServer_scaleIn,
Fri Feb 21 15:35:55 UTC 2014,10.2344,0.1,0.12,1.0,AppServer_scaleIn,
Fri Feb 21 15:36:04 UTC 2014,10.2344,0.1,0.12,1.0,AppServer_scaleIn,
Fri Feb 21 15:36:13 UTC 2014,10.2344,0.1,0.12,1.0,AppServer_scaleIn,
Fri Feb 21 15:36:20 UTC 2014,10.2344,0.1,0.12,1.0,AppServer_scaleIn,
Fri Feb 21 15:36:26 UTC 2014,10.2711,0.2004,0.12,1.0,AppServer_scaleIn,
Fri Feb 21 15:36:34 UTC 2014,10.2711,0.2004,0.12,1.0,AppServer_scaleIn,
Fri Feb 21 15:36:40 UTC 2014,10.2711,0.2004,0.12,1.0,AppServer_scaleIn,
Fri Feb 21 15:36:48 UTC 2014,10.2711,0.2004,0.12,1.0,AppServer_scaleIn,
Fri Feb 21 15:36:53 UTC 2014,10.2711,0.2004,0.12,1.0,AppServer_scaleIn,
Fri Feb 21 15:36:59 UTC 2014,10.2711,0.2004,0.12,1.0,AppServer_scaleIn,
Fri Feb 21 15:37:06 UTC 2014,10.2711,0.2004,0.12,1.0,AppServer_scaleIn,
Fri Feb 21 15:37:13 UTC 2014,10.2711,0.2004,0.12,1.0,AppServer_scaleIn,
Fri Feb 21 15:37:20 UTC 2014,10.2711,0.2004,0.12,1.0,AppServer_scaleIn,
Fri Feb 21 15:37:25 UTC 2014,10.2711,0.2004,0.12,1.0,AppServer_scaleIn,
Fri Feb 21 15:37:33 UTC 2014,10.2711,0.2004,0.12,1.0,AppServer_scaleIn,
Fri Feb 21 15:37:39 UTC 2014,10.2711,0.2004,0.12,1.0,AppServer_scaleIn,
Fri Feb 21 15:37:46 UTC 2014,10.2711,0.2004,0.12,1.0,AppServer_scaleIn,
Fri Feb 21 15:37:53 UTC 2014,10.2711,0.2004,0.12,1.0,AppServer_scaleIn,
Fri Feb 21 15:37:59 UTC 2014,10.2711,0.2004,0.12,1.0,AppServer_scaleIn,
Fri Feb 21 15:38:05 UTC 2014,10.2711,0.2004,0.12,1.0,AppServer_scaleIn,
Fri Feb 21 15:38:13 UTC 2014,10.2711,0.2004,0.12,1.0,AppServer_scaleIn,
Fri Feb 21 15:38:25 UTC 2014,10.2711,0.2004,0.12,1.0,AppServer_scaleIn,
Fri Feb 21 15:38:32 UTC 2014,10.2711,0.2004,0.12,1.0,AppServer_scaleIn,
Fri Feb 21 15:38:38 UTC 2014,10.2711,0.2004,0.12,1.0,AppServer_scaleIn,
Fri Feb 21 15:38:44 UTC 2014,10.2711,0.2004,0.12,1.0,AppServer_scaleIn,
Fri Feb 21 15:38:50 UTC 2014,10.2711,0.2004,0.12,1.0,AppServer_scaleIn,
Fri Feb 21 15:38:57 UTC 2014,10.2711,0.2004,0.12,1.0,AppServer_scaleIn,
Fri Feb 21 15:39:02 UTC 2014,10.2491,0.1001,0.12,1.0,AppServer_scaleIn,
Fri Feb 21 15:39:09 UTC 2014,10.2491,0.1001,0.12,1.0,AppServer_scaleIn,
Fri Feb 21 15:39:15 UTC 2014,10.2491,0.1001,0.12,1.0,AppServer_scaleIn,
Fri Feb 21 15:39:21 UTC 2014,10.2491,0.1001,0.12,1.0,AppServer_scaleIn,
Fri Feb 21 15:39:27 UTC 2014,10.2491,0.1001,0.12,1.0,AppServer_scaleIn,
Fri Feb 21 15:39:34 UTC 2014,10.2491,0.1001,0.12,1.0,AppServer_scaleIn,
Fri Feb 21 15:39:40 UTC 2014,10.2491,0.1001,0.12,1.0,AppServer_scaleIn,
Fri Feb 21 15:39:46 UTC 2014,10.2491,0.1001,0.12,1.0,AppServer_scaleIn,
Fri Feb 21 15:39:53 UTC 2014,10.2491,0.1001,0.12,1.0,AppServer_scaleIn,
Fri Feb 21 15:39:59 UTC 2014,10.2491,0.1001,0.12,1.0,AppServer_scaleIn,
Fri Feb 21 15:40:05 UTC 2014,10.2491,0.1001,0.12,1.0,AppServer_scaleIn,
Fri Feb 21 15:40:11 UTC 2014,10.2491,0.1001,0.12,1.0,AppServer_scaleIn,
Fri Feb 21 15:40:17 UTC 2014,10.2491,0.1001,0.12,1.0,AppServer_scaleIn,
Fri Feb 21 15:40:24 UTC 2014,10.2491,0.1001,0.12,1.0,AppServer_scaleIn,
Fri Feb 21 15:40:30 UTC 2014,10.2491,0.1001,0.12,1.0,AppServer_scaleIn,
Fri Feb 21 15:40:36 UTC 2014,10.2491,0.1001,0.12,1.0,AppServer_scaleIn,
Fri Feb 21 15:40:42 UTC 2014,10.2491,0.1001,0.12,1.0,AppServer_scaleIn,
Fri Feb 21 15:40:47 UTC 2014,10.2491,0.1001,0.12,1.0,AppServer_scaleIn,
Fri Feb 21 15:40:53 UTC 2014,10.3341,0.3,0.12,1.0,AppServer_scaleIn,
Fri Feb 21 15:41:00 UTC 2014,10.3341,0.3,0.12,1.0,AppServer_scaleIn,
Fri Feb 21 15:41:06 UTC 2014,10.3341,0.3,0.12,1.0,AppServer_scaleIn,
Fri Feb 21 15:41:12 UTC 2014,10.3341,0.3,0.12,1.0,AppServer_scaleIn,
Fri Feb 21 15:41:19 UTC 2014,10.3341,0.3,0.12,1.0,AppServer_scaleIn,
Fri Feb 21 15:41:25 UTC 2014,10.3341,0.3,0.12,1.0,AppServer_scaleIn,
Fri Feb 21 15:41:31 UTC 2014,10.3341,0.3,0.12,1.0,AppServer_scaleIn,
Fri Feb 21 15:41:37 UTC 2014,10.3341,0.3,0.12,1.0,AppServer_scaleIn,
Fri Feb 21 15:41:43 UTC 2014,10.3341,0.3,0.12,1.0,AppServer_scaleIn,
Fri Feb 21 15:41:49 UTC 2014,10.3341,0.3,0.12,1.0,AppServer_scaleIn,
Fri Feb 21 15:41:55 UTC 2014,10.3341,0.3,0.12,1.0,AppServer_scaleIn,
Fri Feb 21 15:42:02 UTC 2014,10.3341,0.3,0.12,1.0,AppServer_scaleIn,
Fri Feb 21 15:42:09 UTC 2014,10.3341,0.3,0.12,1.0,AppServer_scaleIn,
Fri Feb 21 15:42:15 UTC 2014,10.3341,0.3,0.12,1.0,AppServer_scaleIn,
Fri Feb 21 15:42:22 UTC 2014,10.3341,0.3,0.12,1.0,AppServer_scaleIn,
Fri Feb 21 15:42:27 UTC 2014,10.3341,0.3,0.12,1.0,AppServer_scaleIn,
Fri Feb 21 15:42:33 UTC 2014,10.3341,0.3,0.12,1.0,AppServer_scaleIn,
Fri Feb 21 15:42:40 UTC 2014,10.3341,0.3,0.12,1.0,AppServer_scaleIn,
Fri Feb 21 15:42:45 UTC 2014,10.291,0.1001,0.12,1.0,AppServer_scaleIn,
Fri Feb 21 15:42:51 UTC 2014,10.291,0.1001,0.12,1.0,AppServer_scaleIn,
Fri Feb 21 15:42:57 UTC 2014,10.291,0.1001,0.12,1.0,AppServer_scaleIn,
Fri Feb 21 15:43:03 UTC 2014,10.291,0.1001,0.12,1.0,AppServer_scaleIn,
Fri Feb 21 15:43:11 UTC 2014,10.291,0.1001,0.12,1.0,AppServer_scaleIn,
Fri Feb 21 15:43:17 UTC 2014,10.291,0.1001,0.12,1.0,AppServer_scaleIn,
Fri Feb 21 15:43:23 UTC 2014,10.291,0.1001,0.12,1.0,AppServer_scaleIn,
Fri Feb 21 15:43:29 UTC 2014,10.291,0.1001,0.12,1.0,AppServer_scaleIn,
Fri Feb 21 15:43:34 UTC 2014,10.291,0.1001,0.12,1.0,AppServer_scaleIn,
Fri Feb 21 15:43:41 UTC 2014,10.291,0.1001,0.12,1.0,CassandraNode_scaleIn,CassandraNode
Fri Feb 21 15:43:51 UTC 2014,10.2666,0.3003,0.12,1.0,CassandraNode_scaleIn,CassandraNode
Fri Feb 21 15:44:01 UTC 2014,10.2666,0.3003,0.12,1.0,CassandraNode_scaleIn,CassandraNode
Fri Feb 21 15:44:11 UTC 2014,10.2666,0.3003,0.12,1.0,CassandraNode_scaleIn,CassandraNode
Fri Feb 21 15:44:21 UTC 2014,10.2726,0.4,0.12,1.0,CassandraNode_scaleIn,CassandraNode
Fri Feb 21 15:44:30 UTC 2014,10.2726,0.4,0.12,1.0,CassandraNode_scaleIn,CassandraNode
Fri Feb 21 15:44:41 UTC 2014,10.2726,0.4,0.12,1.0,CassandraNode_scaleIn,CassandraNode
Fri Feb 21 15:44:51 UTC 2014,10.2726,0.4,0.12,1.0,CassandraNode_scaleIn,CassandraNode
Fri Feb 21 15:45:01 UTC 2014,10.2463,0.0,0.12,1.0,CassandraNode_scaleIn,CassandraNode
Fri Feb 21 15:45:11 UTC 2014,10.2463,0.0,0.12,1.0,CassandraNode_scaleIn,CassandraNode
Fri Feb 21 15:45:21 UTC 2014,10.2463,0.0,0.12,1.0,CassandraNode_scaleIn,CassandraNode
Fri Feb 21 15:45:31 UTC 2014,10.2471,0.1002,0.12,1.0,CassandraNode_scaleIn,CassandraNode
Fri Feb 21 15:45:42 UTC 2014,10.2471,0.1002,0.12,1.0,CassandraNode_scaleIn,CassandraNode
Fri Feb 21 15:45:52 UTC 2014,10.2471,0.1002,0.12,1.0,CassandraNode_scaleIn,CassandraNode
Fri Feb 21 15:46:02 UTC 2014,10.2475,0.2,0.12,1.0,CassandraNode_scaleIn,CassandraNode
Fri Feb 21 15:46:15 UTC 2014,10.2475,0.2,0.12,1.0,CassandraNode_scaleIn,CassandraNode
Fri Feb 21 15:46:24 UTC 2014,10.2479,0.1996,0.12,1.0,CassandraNode_scaleIn,CassandraNode
Fri Feb 21 15:46:34 UTC 2014,10.2479,0.1996,0.12,1.0,CassandraNode_scaleIn,
Fri Feb 21 15:46:44 UTC 2014,10.2479,0.1996,0.12,1.0,CassandraNode_scaleIn,
Fri Feb 21 15:46:50 UTC 2014,10.2479,0.1996,0.12,1.0,CassandraNode_scaleIn,
Fri Feb 21 15:46:56 UTC 2014,10.2479,0.1996,0.12,1.0,CassandraNode_scaleIn,
Fri Feb 21 15:47:02 UTC 2014,10.2479,0.1996,0.12,1.0,CassandraNode_scaleIn,
Fri Feb 21 15:47:08 UTC 2014,10.2479,0.1996,0.12,1.0,CassandraNode_scaleIn,
Fri Feb 21 15:47:15 UTC 2014,10.2479,0.1996,0.12,1.0,CassandraNode_scaleIn,
Fri Feb 21 15:47:21 UTC 2014,10.2479,0.1996,0.12,1.0,CassandraNode_scaleIn,
Fri Feb 21 15:47:28 UTC 2014,10.2479,0.1996,0.12,1.0,CassandraNode_scaleIn,
Fri Feb 21 15:47:34 UTC 2014,10.2479,0.1996,0.12,1.0,CassandraNode_scaleIn,
Fri Feb 21 15:47:42 UTC 2014,10.2479,0.1996,0.12,1.0,CassandraNode_scaleIn,
Fri Feb 21 15:47:48 UTC 2014,10.2479,0.1996,0.12,1.0,CassandraNode_scaleIn,
Fri Feb 21 15:47:55 UTC 2014,10.2479,0.1996,0.12,1.0,CassandraNode_scaleIn,
Fri Feb 21 15:48:02 UTC 2014,10.2479,0.1996,0.12,1.0,CassandraNode_scaleIn,
Fri Feb 21 15:48:08 UTC 2014,10.2479,0.1996,0.12,1.0,CassandraNode_scaleIn,
Fri Feb 21 15:48:16 UTC 2014,10.2483,0.1002,0.12,1.0,CassandraNode_scaleIn,
Fri Feb 21 15:48:22 UTC 2014,10.2483,0.1002,0.12,1.0,CassandraNode_scaleIn,
Fri Feb 21 15:48:29 UTC 2014,10.2483,0.1002,0.12,1.0,CassandraNode_scaleIn,
Fri Feb 21 15:48:36 UTC 2014,10.2483,0.1002,0.12,1.0,CassandraNode_scaleIn,
Fri Feb 21 15:48:43 UTC 2014,10.2483,0.1002,0.12,1.0,CassandraNode_scaleIn,
Fri Feb 21 15:48:49 UTC 2014,10.2483,0.1002,0.12,1.0,CassandraNode_scaleIn,
Fri Feb 21 15:48:55 UTC 2014,10.2483,0.1002,0.12,1.0,AppServer_scaleIn,
Fri Feb 21 15:49:04 UTC 2014,10.2483,0.1002,0.12,1.0,AppServer_scaleIn,
Fri Feb 21 15:49:12 UTC 2014,10.2483,0.1002,0.12,1.0,AppServer_scaleIn,
Fri Feb 21 15:49:19 UTC 2014,10.2483,0.1002,0.12,1.0,AppServer_scaleIn,
Fri Feb 21 15:49:24 UTC 2014,10.2422,0.2,0.12,1.0,AppServer_scaleIn,
Fri Feb 21 15:49:31 UTC 2014,10.2422,0.2,0.12,1.0,AppServer_scaleIn,
Fri Feb 21 15:49:37 UTC 2014,10.2422,0.2,0.12,1.0,AppServer_scaleIn,
Fri Feb 21 15:49:44 UTC 2014,10.2422,0.2,0.12,1.0,AppServer_scaleIn,
Fri Feb 21 15:49:50 UTC 2014,10.2422,0.2,0.12,1.0,AppServer_scaleIn,
Fri Feb 21 15:49:56 UTC 2014,10.2422,0.2,0.12,1.0,AppServer_scaleIn,
Fri Feb 21 15:50:03 UTC 2014,10.2422,0.2,0.12,1.0,AppServer_scaleIn,
Fri Feb 21 15:50:11 UTC 2014,10.2422,0.2,0.12,1.0,AppServer_scaleIn,
Fri Feb 21 15:50:17 UTC 2014,10.2422,0.2,0.12,1.0,AppServer_scaleIn,
Fri Feb 21 15:50:23 UTC 2014,10.2422,0.2,0.12,1.0,AppServer_scaleIn,
Fri Feb 21 15:50:30 UTC 2014,10.2422,0.2,0.12,1.0,AppServer_scaleIn,
Fri Feb 21 15:50:35 UTC 2014,10.2422,0.2,0.12,1.0,AppServer_scaleIn,
Fri Feb 21 15:50:43 UTC 2014,10.2422,0.2,0.12,1.0,AppServer_scaleIn,
Fri Feb 21 15:50:48 UTC 2014,10.2442,0.1002,0.12,1.0,AppServer_scaleIn,
Fri Feb 21 15:50:55 UTC 2014,10.2442,0.1002,0.12,1.0,AppServer_scaleIn,
Fri Feb 21 15:51:02 UTC 2014,10.2442,0.1002,0.12,1.0,AppServer_scaleIn,
Fri Feb 21 15:51:09 UTC 2014,10.2442,0.1002,0.12,1.0,AppServer_scaleIn,
