Time ,cpuUsage ,cost ,numberOfVMs , ongoingAction, targetedNodeID
Thu Feb 20 13:23:55 UTC 2014,75.3479,0.12,1,,
Thu Feb 20 13:24:00 UTC 2014,75.3479,0.12,1,CassandraNode_scaleOut,CassandraNode
Thu Feb 20 13:24:09 UTC 2014,0.12,1,,CassandraNode_scaleOut,CassandraNode
Thu Feb 20 13:24:16 UTC 2014,78.408,0.12,1,CassandraNode_scaleOut,CassandraNode
Thu Feb 20 13:24:25 UTC 2014,63.6454,0.12,1,CassandraNode_scaleOut,CassandraNode
Thu Feb 20 13:24:33 UTC 2014,63.6454,0.12,1,CassandraNode_scaleOut,CassandraNode
Thu Feb 20 13:24:42 UTC 2014,77.0378,0.12,1,CassandraNode_scaleOut,CassandraNode
Thu Feb 20 13:24:51 UTC 2014,80.9713,0.12,1,,
Thu Feb 20 13:24:56 UTC 2014,80.9713,0.12,1,,
Thu Feb 20 13:25:02 UTC 2014,86.6,0.12,1,,
Thu Feb 20 13:25:07 UTC 2014,86.6,0.12,1,,
Thu Feb 20 13:25:13 UTC 2014,86.6,0.12,1,,
Thu Feb 20 13:25:18 UTC 2014,86.9131,0.12,1,,
Thu Feb 20 13:25:24 UTC 2014,86.9131,0.12,1,,
Thu Feb 20 13:25:29 UTC 2014,89,0.12,1,,
Thu Feb 20 13:25:35 UTC 2014,89,0.12,1,,
Thu Feb 20 13:25:41 UTC 2014,89,0.12,1,,
Thu Feb 20 13:25:46 UTC 2014,81.8365,0.12,1,,
Thu Feb 20 13:25:52 UTC 2014,81.8365,0.12,1,,
Thu Feb 20 13:25:57 UTC 2014,80.7577,0.12,1,,
Thu Feb 20 13:26:03 UTC 2014,74.8515,0.12,1,,
Thu Feb 20 13:26:08 UTC 2014,74.8515,0.12,1,,
Thu Feb 20 13:26:14 UTC 2014,74.8515,0.12,1,,
Thu Feb 20 13:26:19 UTC 2014,74.8515,0.12,1,,
Thu Feb 20 13:26:25 UTC 2014,71.5852,0.12,1,,
Thu Feb 20 13:26:31 UTC 2014,71.5852,0.12,1,,
Thu Feb 20 13:26:36 UTC 2014,71.5852,0.12,1,,
Thu Feb 20 13:26:41 UTC 2014,72.3932,0.12,1,,
Thu Feb 20 13:26:47 UTC 2014,78.4646,0.12,1,,
Thu Feb 20 13:26:52 UTC 2014,78.4646,0.12,1,,
Thu Feb 20 13:26:58 UTC 2014,78.4646,0.12,1,,
Thu Feb 20 13:27:03 UTC 2014,85.9719,0.12,1,,
Thu Feb 20 13:27:08 UTC 2014,85.9719,0.12,1,,
Thu Feb 20 13:27:14 UTC 2014,85.9719,0.12,1,,
Thu Feb 20 13:27:19 UTC 2014,84.7848,0.12,1,,
Thu Feb 20 13:27:24 UTC 2014,84.7848,0.12,1,,
Thu Feb 20 13:27:30 UTC 2014,85.7143,0.12,1,,
Thu Feb 20 13:27:35 UTC 2014,85.7143,0.12,1,,
Thu Feb 20 13:27:41 UTC 2014,85.7143,0.12,1,,
Thu Feb 20 13:27:47 UTC 2014,85.8142,0.12,1,,
Thu Feb 20 13:27:52 UTC 2014,85.8142,0.12,1,,
Thu Feb 20 13:27:57 UTC 2014,85.8142,0.12,1,,
Thu Feb 20 13:28:03 UTC 2014,76.4471,0.12,1,,
Thu Feb 20 13:28:08 UTC 2014,76.4471,0.12,1,,
Thu Feb 20 13:28:14 UTC 2014,77.7557,0.12,1,,
Thu Feb 20 13:28:19 UTC 2014,77.9762,0.12,1,,
Thu Feb 20 13:28:25 UTC 2014,77.9762,0.12,1,,
Thu Feb 20 13:28:30 UTC 2014,77.9762,0.12,1,,
Thu Feb 20 13:28:36 UTC 2014,76.6533,0.12,1,,
Thu Feb 20 13:28:41 UTC 2014,76.6533,0.12,1,,
Thu Feb 20 13:28:46 UTC 2014,76.6533,0.12,1,,
Thu Feb 20 13:28:52 UTC 2014,80.4175,0.12,1,,
Thu Feb 20 13:28:57 UTC 2014,80.4175,0.12,1,,
Thu Feb 20 13:29:03 UTC 2014,80.4175,0.12,1,,
Thu Feb 20 13:29:08 UTC 2014,76.3473,0.12,1,,
Thu Feb 20 13:29:14 UTC 2014,76.3473,0.12,1,,
Thu Feb 20 13:29:19 UTC 2014,75.8032,0.12,1,,
Thu Feb 20 13:29:24 UTC 2014,68.2635,0.12,1,,
Thu Feb 20 13:29:30 UTC 2014,68.2635,0.12,1,,
Thu Feb 20 13:29:36 UTC 2014,68.2635,0.12,1,,
Thu Feb 20 13:29:41 UTC 2014,76.8219,0.12,1,,
Thu Feb 20 13:29:46 UTC 2014,76.8219,0.12,1,,
Thu Feb 20 13:29:52 UTC 2014,76.8219,0.12,1,,
Thu Feb 20 13:29:57 UTC 2014,72.2498,0.12,1,,
Thu Feb 20 13:30:03 UTC 2014,72.2498,0.12,1,,
Thu Feb 20 13:30:08 UTC 2014,77.4354,0.12,1,,
Thu Feb 20 13:30:13 UTC 2014,77.4354,0.12,1,,
Thu Feb 20 13:30:19 UTC 2014,77.4354,0.12,1,,
Thu Feb 20 13:30:24 UTC 2014,74.4533,0.12,1,,
Thu Feb 20 13:30:30 UTC 2014,74.4533,0.12,1,,
Thu Feb 20 13:30:35 UTC 2014,74.4533,0.12,1,,
Thu Feb 20 13:30:40 UTC 2014,74.4533,0.12,1,,
Thu Feb 20 13:30:46 UTC 2014,76.2712,0.12,1,,
Thu Feb 20 13:30:51 UTC 2014,83.8872,0.12,1,,
Thu Feb 20 13:30:56 UTC 2014,83.8872,0.12,1,,
Thu Feb 20 13:31:02 UTC 2014,80.2592,0.12,1,,
Thu Feb 20 13:31:07 UTC 2014,80.2592,0.12,1,,
Thu Feb 20 13:31:13 UTC 2014,80.2592,0.12,1,,
Thu Feb 20 13:31:18 UTC 2014,80.2592,0.12,1,,
Thu Feb 20 13:31:23 UTC 2014,86.66,0.12,1,,
Thu Feb 20 13:31:29 UTC 2014,76.8159,0.12,1,,
Thu Feb 20 13:31:34 UTC 2014,76.8159,0.12,1,,
Thu Feb 20 13:31:40 UTC 2014,76.8159,0.12,1,,
Thu Feb 20 13:31:45 UTC 2014,76.8159,0.12,1,,
Thu Feb 20 13:31:50 UTC 2014,83.4835,0.12,1,,
Thu Feb 20 13:31:56 UTC 2014,83.8839,0.12,1,,
Thu Feb 20 13:32:01 UTC 2014,83.8839,0.12,1,,
Thu Feb 20 13:32:07 UTC 2014,84.6386,0.12,1,,
Thu Feb 20 13:32:12 UTC 2014,84.6386,0.12,1,,
Thu Feb 20 13:32:17 UTC 2014,84.6386,0.12,1,,
Thu Feb 20 13:32:23 UTC 2014,84.6386,0.12,1,,
Thu Feb 20 13:32:28 UTC 2014,84.7848,0.12,1,,
Thu Feb 20 13:32:34 UTC 2014,78.0905,0.12,1,,
Thu Feb 20 13:32:39 UTC 2014,78.0905,0.12,1,,
Thu Feb 20 13:32:45 UTC 2014,78.0905,0.12,1,,
Thu Feb 20 13:32:51 UTC 2014,78.0905,0.12,1,CassandraNode_scaleIn,CassandraNode
Thu Feb 20 13:32:59 UTC 2014,79.0371,0.12,1,CassandraNode_scaleIn,CassandraNode
Thu Feb 20 13:33:07 UTC 2014,80.5195,0.12,1,CassandraNode_scaleIn,CassandraNode
Thu Feb 20 13:33:16 UTC 2014,80.5195,0.12,1,CassandraNode_scaleIn,CassandraNode
Thu Feb 20 13:33:25 UTC 2014,76.4471,0.12,1,CassandraNode_scaleIn,CassandraNode
Thu Feb 20 13:33:33 UTC 2014,76.4471,0.12,1,CassandraNode_scaleIn,CassandraNode
Thu Feb 20 13:33:42 UTC 2014,76.4471,0.12,1,CassandraNode_scaleIn,CassandraNode
Thu Feb 20 13:33:50 UTC 2014,73.5,0.12,1,CassandraNode_scaleIn,CassandraNode
Thu Feb 20 13:33:59 UTC 2014,87.0871,0.12,1,CassandraNode_scaleIn,CassandraNode
Thu Feb 20 13:34:07 UTC 2014,87.3747,0.12,1,CassandraNode_scaleIn,CassandraNode
Thu Feb 20 13:34:16 UTC 2014,87.3747,0.12,1,CassandraNode_scaleIn,CassandraNode
Thu Feb 20 13:34:24 UTC 2014,88.978,0.12,1,CassandraNode_scaleIn,CassandraNode
Thu Feb 20 13:34:32 UTC 2014,88.978,0.12,1,CassandraNode_scaleIn,CassandraNode
Thu Feb 20 13:34:41 UTC 2014,87.3,0.12,1,CassandraNode_scaleIn,CassandraNode
Thu Feb 20 13:34:49 UTC 2014,84.7695,0.12,1,CassandraNode_scaleIn,CassandraNode
Thu Feb 20 13:34:57 UTC 2014,84.7695,0.12,1,CassandraNode_scaleIn,CassandraNode
Thu Feb 20 13:35:06 UTC 2014,89.1784,0.12,1,CassandraNode_scaleIn,CassandraNode
Thu Feb 20 13:35:14 UTC 2014,89.1784,0.12,1,CassandraNode_scaleIn,CassandraNode
Thu Feb 20 13:35:23 UTC 2014,89.9598,0.12,1,CassandraNode_scaleIn,CassandraNode
Thu Feb 20 13:35:31 UTC 2014,86.7133,0.12,1,CassandraNode_scaleIn,CassandraNode
Thu Feb 20 13:35:40 UTC 2014,84.4534,0.12,1,CassandraNode_scaleIn,CassandraNode
Thu Feb 20 13:35:48 UTC 2014,84.4534,0.12,1,CassandraNode_scaleIn,CassandraNode
Thu Feb 20 13:35:56 UTC 2014,84.7458,0.12,1,CassandraNode_scaleIn,CassandraNode
Thu Feb 20 13:36:05 UTC 2014,84.9699,0.12,1,CassandraNode_scaleIn,CassandraNode
Thu Feb 20 13:36:13 UTC 2014,84.9699,0.12,1,CassandraNode_scaleIn,CassandraNode
Thu Feb 20 13:36:21 UTC 2014,84.2685,0.12,1,CassandraNode_scaleIn,CassandraNode
Thu Feb 20 13:36:30 UTC 2014,84.2685,0.12,1,CassandraNode_scaleIn,CassandraNode
Thu Feb 20 13:36:38 UTC 2014,83.6,0.12,1,CassandraNode_scaleIn,CassandraNode
Thu Feb 20 13:36:46 UTC 2014,81.3696,0.12,1,CassandraNode_scaleIn,CassandraNode
Thu Feb 20 13:36:55 UTC 2014,81.3696,0.12,1,CassandraNode_scaleIn,CassandraNode
Thu Feb 20 13:37:03 UTC 2014,88.7113,0.12,1,CassandraNode_scaleIn,CassandraNode
Thu Feb 20 13:37:12 UTC 2014,88.7113,0.12,1,,
Thu Feb 20 13:37:17 UTC 2014,85.5567,0.12,1,,
Thu Feb 20 13:37:23 UTC 2014,82.2467,0.12,1,,
Thu Feb 20 13:37:28 UTC 2014,82.2467,0.12,1,,
Thu Feb 20 13:37:33 UTC 2014,82.2467,0.12,1,,
Thu Feb 20 13:37:39 UTC 2014,83.3501,0.12,1,,
Thu Feb 20 13:37:44 UTC 2014,83.3501,0.12,1,,
Thu Feb 20 13:37:50 UTC 2014,83.3501,0.12,1,,
Thu Feb 20 13:37:56 UTC 2014,76.6467,0.12,1,,
Thu Feb 20 13:38:01 UTC 2014,76.6467,0.12,1,,
Thu Feb 20 13:38:06 UTC 2014,83.2335,0.12,1,,
Thu Feb 20 13:38:12 UTC 2014,83.2335,0.12,1,,
Thu Feb 20 13:38:17 UTC 2014,83.2335,0.12,1,,
Thu Feb 20 13:38:23 UTC 2014,79.7203,0.12,1,,
Thu Feb 20 13:38:28 UTC 2014,79.7203,0.12,1,,
Thu Feb 20 13:38:34 UTC 2014,77.5879,0.12,1,,
Thu Feb 20 13:38:39 UTC 2014,77.5879,0.12,1,,
Thu Feb 20 13:38:44 UTC 2014,77.2088,0.12,1,,
Thu Feb 20 13:38:50 UTC 2014,77.2088,0.12,1,,
Thu Feb 20 13:38:55 UTC 2014,77.2088,0.12,1,,
Thu Feb 20 13:39:00 UTC 2014,80.3785,0.12,1,,
Thu Feb 20 13:39:06 UTC 2014,80.3785,0.12,1,,
Thu Feb 20 13:39:11 UTC 2014,80.3785,0.12,1,,
Thu Feb 20 13:39:17 UTC 2014,75.9241,0.12,1,,
Thu Feb 20 13:39:22 UTC 2014,80.8532,0.12,1,AppServer_scaleOut,AppServer
Thu Feb 20 13:39:30 UTC 2014,80.8532,0.12,1,AppServer_scaleOut,AppServer
Thu Feb 20 13:39:39 UTC 2014,80.8532,0.12,1,AppServer_scaleOut,AppServer
Thu Feb 20 13:39:47 UTC 2014,83.5836,0.12,1,AppServer_scaleOut,AppServer
Thu Feb 20 13:39:56 UTC 2014,76.1194,0.12,1,AppServer_scaleOut,AppServer
Thu Feb 20 13:40:05 UTC 2014,74.9749,0.12,1,,
Thu Feb 20 13:40:13 UTC 2014,74.9749,0.12,1,,
Thu Feb 20 13:40:19 UTC 2014,74.9749,0.12,1,,
Thu Feb 20 13:40:24 UTC 2014,77.9234,0.12,1,,
Thu Feb 20 13:40:29 UTC 2014,77.9234,0.12,1,,
Thu Feb 20 13:40:34 UTC 2014,86.5135,0.12,1,,
Thu Feb 20 13:40:40 UTC 2014,86.5135,0.12,1,,
Thu Feb 20 13:40:45 UTC 2014,85.1703,0.12,1,,
Thu Feb 20 13:40:51 UTC 2014,85.1703,0.12,1,,
Thu Feb 20 13:40:56 UTC 2014,85.1703,0.12,1,,
Thu Feb 20 13:41:01 UTC 2014,88.8778,0.12,1,,
Thu Feb 20 13:41:07 UTC 2014,88.8778,0.12,1,,
Thu Feb 20 13:41:12 UTC 2014,88.8778,0.12,1,,
Thu Feb 20 13:41:17 UTC 2014,89.4472,0.12,1,,
Thu Feb 20 13:41:23 UTC 2014,89.4472,0.12,1,,
Thu Feb 20 13:41:28 UTC 2014,86.7265,0.12,1,,
Thu Feb 20 13:41:34 UTC 2014,86.7265,0.12,1,,
Thu Feb 20 13:41:39 UTC 2014,86.7265,0.12,1,,
Thu Feb 20 13:41:45 UTC 2014,86.7265,0.12,1,AppServer_scaleOut,AppServer
Thu Feb 20 13:41:53 UTC 2014,84.6847,0.12,1,AppServer_scaleOut,AppServer
Thu Feb 20 13:42:02 UTC 2014,90.1902,0.12,1,AppServer_scaleOut,AppServer
Thu Feb 20 13:42:10 UTC 2014,89.3894,0.12,1,AppServer_scaleOut,AppServer
Thu Feb 20 13:42:19 UTC 2014,89.3894,0.12,1,AppServer_scaleOut,AppServer
Thu Feb 20 13:42:27 UTC 2014,85.3147,0.12,1,,
Thu Feb 20 13:42:33 UTC 2014,85.3147,0.12,1,,
Thu Feb 20 13:42:38 UTC 2014,91.9,0.12,1,,
Thu Feb 20 13:42:44 UTC 2014,91.9,0.12,1,,
Thu Feb 20 13:42:49 UTC 2014,90.5095,0.12,1,,
Thu Feb 20 13:42:54 UTC 2014,90.5095,0.12,1,,
Thu Feb 20 13:43:00 UTC 2014,85.5145,0.12,1,,
Thu Feb 20 13:43:06 UTC 2014,85.4855,0.12,1,,
Thu Feb 20 13:43:11 UTC 2014,85.4855,0.12,1,,
Thu Feb 20 13:43:16 UTC 2014,85.4855,0.12,1,,
Thu Feb 20 13:43:22 UTC 2014,91.992,0.12,1,,
Thu Feb 20 13:43:27 UTC 2014,91.992,0.12,1,,
Thu Feb 20 13:43:33 UTC 2014,91.992,0.12,1,,
Thu Feb 20 13:43:38 UTC 2014,91.5916,0.12,1,,
Thu Feb 20 13:43:44 UTC 2014,85.7715,0.12,1,,
Thu Feb 20 13:43:49 UTC 2014,85.7715,0.12,1,,
Thu Feb 20 13:43:54 UTC 2014,85.7715,0.12,1,,
Thu Feb 20 13:44:00 UTC 2014,87.0612,0.12,1,,
Thu Feb 20 13:44:05 UTC 2014,87.0612,0.12,1,,
Thu Feb 20 13:44:11 UTC 2014,87.0612,0.12,1,,
Thu Feb 20 13:44:16 UTC 2014,90.4,0.12,1,,
Thu Feb 20 13:44:21 UTC 2014,86.3911,0.12,1,,
Thu Feb 20 13:44:27 UTC 2014,86.3911,0.12,1,,
Thu Feb 20 13:44:32 UTC 2014,86.3911,0.12,1,,
Thu Feb 20 13:44:38 UTC 2014,82.0461,0.12,1,,
Thu Feb 20 13:44:43 UTC 2014,82.0461,0.12,1,,
Thu Feb 20 13:44:49 UTC 2014,89.3681,0.12,1,,
Thu Feb 20 13:44:54 UTC 2014,89.3681,0.12,1,,
Thu Feb 20 13:44:59 UTC 2014,89.0438,0.12,1,,
Thu Feb 20 13:45:05 UTC 2014,89.0438,0.12,1,,
Thu Feb 20 13:45:10 UTC 2014,89.0438,0.12,1,,
Thu Feb 20 13:45:16 UTC 2014,87.5249,0.12,1,,
Thu Feb 20 13:45:21 UTC 2014,87.5249,0.12,1,,
Thu Feb 20 13:45:27 UTC 2014,87.9121,0.12,1,,
Thu Feb 20 13:45:32 UTC 2014,87.9121,0.12,1,,
Thu Feb 20 13:45:37 UTC 2014,89.4106,0.12,1,,
Thu Feb 20 13:45:43 UTC 2014,87.0389,0.12,1,,
Thu Feb 20 13:45:48 UTC 2014,87.0389,0.12,1,,
Thu Feb 20 13:45:54 UTC 2014,87.0389,0.12,1,,
Thu Feb 20 13:45:59 UTC 2014,88.4116,0.12,1,,
Thu Feb 20 13:46:05 UTC 2014,88.4116,0.12,1,,
Thu Feb 20 13:46:10 UTC 2014,87.9241,0.12,1,,
Thu Feb 20 13:46:16 UTC 2014,87.9241,0.12,1,,
Thu Feb 20 13:46:21 UTC 2014,86.7337,0.12,1,,
Thu Feb 20 13:46:26 UTC 2014,86.7337,0.12,1,,
Thu Feb 20 13:46:32 UTC 2014,86.7337,0.12,1,,
Thu Feb 20 13:46:37 UTC 2014,86.1167,0.12,1,,
Thu Feb 20 13:46:43 UTC 2014,86.1167,0.12,1,,
Thu Feb 20 13:46:48 UTC 2014,80.6646,0.12,1,,
Thu Feb 20 13:46:53 UTC 2014,80.6646,0.12,1,,
Thu Feb 20 13:46:59 UTC 2014,80.6646,0.12,1,,
Thu Feb 20 13:47:04 UTC 2014,87.1098,0.12,1,,
Thu Feb 20 13:47:10 UTC 2014,80.2209,0.12,1,,
Thu Feb 20 13:47:15 UTC 2014,80.2209,0.12,1,,
Thu Feb 20 13:47:21 UTC 2014,80.2209,0.12,1,,
Thu Feb 20 13:47:26 UTC 2014,80.7808,0.12,1,,
Thu Feb 20 13:47:31 UTC 2014,80.7808,0.12,1,,
Thu Feb 20 13:47:37 UTC 2014,77.6104,0.12,1,,
Thu Feb 20 13:47:42 UTC 2014,77.6104,0.12,1,,
Thu Feb 20 13:47:48 UTC 2014,76.6299,0.12,1,,
Thu Feb 20 13:47:53 UTC 2014,76.6299,0.12,1,,
Thu Feb 20 13:47:58 UTC 2014,76.6299,0.12,1,,
Thu Feb 20 13:48:04 UTC 2014,77.2317,0.12,1,,
Thu Feb 20 13:48:10 UTC 2014,77.2317,0.12,1,CassandraNode_scaleOut,CassandraNode
Thu Feb 20 13:48:18 UTC 2014,86.2626,0.12,1,CassandraNode_scaleOut,CassandraNode
Thu Feb 20 13:48:27 UTC 2014,86.2626,0.12,1,CassandraNode_scaleOut,CassandraNode
Thu Feb 20 13:48:36 UTC 2014,89.2462,0.12,1,CassandraNode_scaleOut,CassandraNode
Thu Feb 20 13:48:45 UTC 2014,89.2462,0.12,1,CassandraNode_scaleOut,CassandraNode
Thu Feb 20 13:48:53 UTC 2014,74.8996,0.12,1,CassandraNode_scaleOut,CassandraNode
Thu Feb 20 13:49:02 UTC 2014,81.9738,0.12,1,,
Thu Feb 20 13:49:09 UTC 2014,81.9738,0.12,1,,
Thu Feb 20 13:49:15 UTC 2014,83.7186,0.12,1,,
Thu Feb 20 13:49:20 UTC 2014,88.989,0.12,1,,
Thu Feb 20 13:49:26 UTC 2014,88.989,0.12,1,,
Thu Feb 20 13:49:31 UTC 2014,88.989,0.12,1,,
Thu Feb 20 13:49:37 UTC 2014,84.7166,0.12,1,,
Thu Feb 20 13:49:43 UTC 2014,83.283,0.12,1,,
Thu Feb 20 13:49:48 UTC 2014,83.283,0.12,1,,
Thu Feb 20 13:49:54 UTC 2014,83.283,0.12,1,,
Thu Feb 20 13:49:59 UTC 2014,83.283,0.12,1,,
Thu Feb 20 13:50:04 UTC 2014,78.6214,0.12,1,,
Thu Feb 20 13:50:10 UTC 2014,78.6214,0.12,1,,
Thu Feb 20 13:50:15 UTC 2014,79.2793,0.12,1,,
Thu Feb 20 13:50:21 UTC 2014,79.2793,0.12,1,,
Thu Feb 20 13:50:26 UTC 2014,83.8,0.12,1,,
Thu Feb 20 13:50:31 UTC 2014,83.8,0.12,1,,
Thu Feb 20 13:50:37 UTC 2014,87.4245,0.12,1,,
Thu Feb 20 13:50:43 UTC 2014,87.4245,0.12,1,,
Thu Feb 20 13:50:48 UTC 2014,80.7731,0.12,1,,
Thu Feb 20 13:50:54 UTC 2014,80.7731,0.12,1,,
Thu Feb 20 13:50:59 UTC 2014,80.7731,0.12,1,,
Thu Feb 20 13:51:05 UTC 2014,80.7731,0.12,1,,
Thu Feb 20 13:51:10 UTC 2014,86.4185,0.12,1,,
Thu Feb 20 13:51:16 UTC 2014,86.4185,0.12,1,,
Thu Feb 20 13:51:22 UTC 2014,86.4185,0.12,1,,
Thu Feb 20 13:51:28 UTC 2014,86.1055,0.12,1,,
Thu Feb 20 13:51:33 UTC 2014,83.384,0.12,1,,
Thu Feb 20 13:51:39 UTC 2014,83.384,0.12,1,,
Thu Feb 20 13:51:44 UTC 2014,83.384,0.12,1,,
Thu Feb 20 13:51:49 UTC 2014,83.384,0.12,1,,
Thu Feb 20 13:51:55 UTC 2014,84.3531,0.12,1,,
Thu Feb 20 13:52:00 UTC 2014,84.3531,0.12,1,,
Thu Feb 20 13:52:06 UTC 2014,84.3531,0.12,1,,
Thu Feb 20 13:52:12 UTC 2014,80.3625,0.12,1,,
Thu Feb 20 13:52:17 UTC 2014,73.9521,0.12,1,,
Thu Feb 20 13:52:22 UTC 2014,73.9521,0.12,1,,
Thu Feb 20 13:52:27 UTC 2014,73.9521,0.12,1,,
Thu Feb 20 13:52:34 UTC 2014,76.6299,0.12,1,,
Thu Feb 20 13:52:39 UTC 2014,76.6299,0.12,1,,
Thu Feb 20 13:52:44 UTC 2014,80.7808,0.12,1,,
Thu Feb 20 13:52:49 UTC 2014,80.7808,0.12,1,,
Thu Feb 20 13:52:55 UTC 2014,80.7808,0.12,1,,
Thu Feb 20 13:53:00 UTC 2014,80.7808,0.12,1,,
Thu Feb 20 13:53:06 UTC 2014,80.4238,0.12,1,,
Thu Feb 20 13:53:11 UTC 2014,80.4238,0.12,1,,
Thu Feb 20 13:53:16 UTC 2014,80.4238,0.12,1,,
Thu Feb 20 13:53:21 UTC 2014,80.4238,0.12,1,,
Thu Feb 20 13:53:27 UTC 2014,85.3707,0.12,1,,
Thu Feb 20 13:53:33 UTC 2014,85.3707,0.12,1,,
Thu Feb 20 13:53:38 UTC 2014,85.3707,0.12,1,CassandraNode_scaleIn,CassandraNode
Thu Feb 20 13:53:47 UTC 2014,85.1365,0.12,1,CassandraNode_scaleIn,CassandraNode
Thu Feb 20 13:53:55 UTC 2014,85.1365,0.12,1,CassandraNode_scaleIn,CassandraNode
Thu Feb 20 13:54:04 UTC 2014,81.3814,0.12,1,CassandraNode_scaleIn,CassandraNode
Thu Feb 20 13:54:12 UTC 2014,76.5296,0.12,1,CassandraNode_scaleIn,CassandraNode
Thu Feb 20 13:54:21 UTC 2014,76.5296,0.12,1,CassandraNode_scaleIn,CassandraNode
Thu Feb 20 13:54:29 UTC 2014,83.4853,0.12,1,CassandraNode_scaleIn,CassandraNode
Thu Feb 20 13:54:37 UTC 2014,83.5657,0.12,1,CassandraNode_scaleIn,CassandraNode
Thu Feb 20 13:54:47 UTC 2014,86.0302,0.12,1,CassandraNode_scaleIn,CassandraNode
Thu Feb 20 13:54:55 UTC 2014,86.0302,0.12,1,CassandraNode_scaleIn,CassandraNode
Thu Feb 20 13:55:04 UTC 2014,80.3589,0.12,1,CassandraNode_scaleIn,CassandraNode
Thu Feb 20 13:55:12 UTC 2014,76.1715,0.12,1,CassandraNode_scaleIn,CassandraNode
Thu Feb 20 13:55:21 UTC 2014,82.1682,0.12,1,CassandraNode_scaleIn,CassandraNode
Thu Feb 20 13:55:29 UTC 2014,82.1682,0.12,1,CassandraNode_scaleIn,CassandraNode
Thu Feb 20 13:55:37 UTC 2014,85.0957,0.12,1,CassandraNode_scaleIn,CassandraNode
Thu Feb 20 13:55:46 UTC 2014,88.6228,0.12,1,CassandraNode_scaleIn,CassandraNode
Thu Feb 20 13:55:54 UTC 2014,88.6228,0.12,1,CassandraNode_scaleIn,CassandraNode
Thu Feb 20 13:56:02 UTC 2014,82.5605,0.12,1,CassandraNode_scaleIn,CassandraNode
Thu Feb 20 13:56:11 UTC 2014,82.5605,0.12,1,CassandraNode_scaleIn,CassandraNode
Thu Feb 20 13:56:19 UTC 2014,85.4839,0.12,1,CassandraNode_scaleIn,CassandraNode
Thu Feb 20 13:56:28 UTC 2014,85.4839,0.12,1,CassandraNode_scaleIn,CassandraNode
Thu Feb 20 13:56:36 UTC 2014,87.6877,0.12,1,CassandraNode_scaleIn,CassandraNode
Thu Feb 20 13:56:44 UTC 2014,85.3175,0.12,1,CassandraNode_scaleIn,CassandraNode
Thu Feb 20 13:56:53 UTC 2014,85.3175,0.12,1,CassandraNode_scaleIn,CassandraNode
Thu Feb 20 13:57:01 UTC 2014,85.3175,0.12,1,CassandraNode_scaleIn,CassandraNode
Thu Feb 20 13:57:10 UTC 2014,86.6801,0.12,1,CassandraNode_scaleIn,CassandraNode
Thu Feb 20 13:57:18 UTC 2014,86.9,0.12,1,CassandraNode_scaleIn,CassandraNode
Thu Feb 20 13:57:26 UTC 2014,86.9,0.12,1,CassandraNode_scaleIn,CassandraNode
Thu Feb 20 13:57:35 UTC 2014,86.7944,0.12,1,CassandraNode_scaleIn,CassandraNode
Thu Feb 20 13:57:43 UTC 2014,92.8072,0.12,1,CassandraNode_scaleIn,CassandraNode
Thu Feb 20 13:57:51 UTC 2014,92.8072,0.12,1,CassandraNode_scaleIn,CassandraNode
Thu Feb 20 13:58:00 UTC 2014,92.8072,0.12,1,CassandraNode_scaleIn,CassandraNode
Thu Feb 20 13:58:08 UTC 2014,86.5731,0.12,1,CassandraNode_scaleIn,CassandraNode
Thu Feb 20 13:58:17 UTC 2014,82.6479,0.12,1,,
Thu Feb 20 13:58:24 UTC 2014,64.4645,0.12,1,,
Thu Feb 20 13:58:29 UTC 2014,64.4645,0.12,1,,
Thu Feb 20 13:58:35 UTC 2014,91.009,0.12,1,,
Thu Feb 20 13:58:41 UTC 2014,91.009,0.12,1,,
Thu Feb 20 13:58:46 UTC 2014,89.243,0.12,1,,
Thu Feb 20 13:58:52 UTC 2014,89.243,0.12,1,,
Thu Feb 20 13:58:57 UTC 2014,89.243,0.12,1,,
Thu Feb 20 13:59:02 UTC 2014,82.1713,0.12,1,,
Thu Feb 20 13:59:08 UTC 2014,87.2599,0.12,1,,
Thu Feb 20 13:59:13 UTC 2014,87.2599,0.12,1,,
Thu Feb 20 13:59:18 UTC 2014,87.2599,0.12,1,,
Thu Feb 20 13:59:24 UTC 2014,87.2599,0.12,1,,
Thu Feb 20 13:59:29 UTC 2014,88.0522,0.12,1,,
Thu Feb 20 13:59:35 UTC 2014,88.0522,0.12,1,,
Thu Feb 20 13:59:40 UTC 2014,86.4458,0.12,1,,
Thu Feb 20 13:59:46 UTC 2014,86.4458,0.12,1,,
Thu Feb 20 13:59:51 UTC 2014,89.4895,0.12,1,,
Thu Feb 20 13:59:57 UTC 2014,87.2856,0.12,1,,
Thu Feb 20 14:00:03 UTC 2014,87.2856,0.12,1,,
Thu Feb 20 14:00:09 UTC 2014,87.2856,0.12,1,,
Thu Feb 20 14:00:14 UTC 2014,87.2856,0.12,1,,
Thu Feb 20 14:00:20 UTC 2014,85.5865,0.12,1,,
Thu Feb 20 14:00:25 UTC 2014,85.5865,0.12,1,,
Thu Feb 20 14:00:31 UTC 2014,85.5865,0.12,1,,
Thu Feb 20 14:00:36 UTC 2014,85.5865,0.12,1,,
Thu Feb 20 14:00:42 UTC 2014,83.1663,0.12,1,,
Thu Feb 20 14:00:47 UTC 2014,83.1663,0.12,1,,
Thu Feb 20 14:00:52 UTC 2014,83.1663,0.12,1,,
Thu Feb 20 14:00:58 UTC 2014,81.6901,0.12,1,,
Thu Feb 20 14:01:03 UTC 2014,81.6901,0.12,1,,
Thu Feb 20 14:01:08 UTC 2014,81.6901,0.12,1,,
Thu Feb 20 14:01:14 UTC 2014,85.3293,0.12,1,,
Thu Feb 20 14:01:19 UTC 2014,85.3293,0.12,1,,
Thu Feb 20 14:01:25 UTC 2014,84.1842,0.12,1,CassandraNode_scaleIn,CassandraNode
Thu Feb 20 14:01:33 UTC 2014,89.4684,0.12,1,CassandraNode_scaleIn,CassandraNode
Thu Feb 20 14:01:42 UTC 2014,87.9276,0.12,1,CassandraNode_scaleIn,CassandraNode
Thu Feb 20 14:01:50 UTC 2014,87.9276,0.12,1,CassandraNode_scaleIn,CassandraNode
Thu Feb 20 14:01:59 UTC 2014,90.0402,0.12,1,CassandraNode_scaleIn,CassandraNode
Thu Feb 20 14:02:07 UTC 2014,80.0203,0.12,1,CassandraNode_scaleIn,CassandraNode
Thu Feb 20 14:02:15 UTC 2014,80.0203,0.12,1,CassandraNode_scaleIn,CassandraNode
Thu Feb 20 14:02:24 UTC 2014,87.7878,0.12,1,CassandraNode_scaleIn,CassandraNode
Thu Feb 20 14:02:32 UTC 2014,87.7878,0.12,1,CassandraNode_scaleIn,CassandraNode
Thu Feb 20 14:02:40 UTC 2014,81.2689,0.12,1,CassandraNode_scaleIn,CassandraNode
Thu Feb 20 14:02:49 UTC 2014,79.9197,0.12,1,CassandraNode_scaleIn,CassandraNode
Thu Feb 20 14:02:57 UTC 2014,79.9197,0.12,1,CassandraNode_scaleIn,CassandraNode
Thu Feb 20 14:03:06 UTC 2014,86.1,0.12,1,CassandraNode_scaleIn,CassandraNode
Thu Feb 20 14:03:15 UTC 2014,87.5883,0.12,1,CassandraNode_scaleIn,CassandraNode
Thu Feb 20 14:03:23 UTC 2014,85.8717,0.12,1,CassandraNode_scaleIn,CassandraNode
Thu Feb 20 14:03:31 UTC 2014,85.8717,0.12,1,CassandraNode_scaleIn,CassandraNode
Thu Feb 20 14:03:40 UTC 2014,88.9,0.12,1,CassandraNode_scaleIn,CassandraNode
Thu Feb 20 14:03:49 UTC 2014,88.3768,0.12,1,CassandraNode_scaleIn,CassandraNode
Thu Feb 20 14:03:57 UTC 2014,86.2863,0.12,1,CassandraNode_scaleIn,CassandraNode
Thu Feb 20 14:04:06 UTC 2014,86.2863,0.12,1,CassandraNode_scaleIn,CassandraNode
Thu Feb 20 14:04:14 UTC 2014,92.1844,0.12,1,CassandraNode_scaleIn,CassandraNode
Thu Feb 20 14:04:23 UTC 2014,89.2786,0.12,1,CassandraNode_scaleIn,CassandraNode
Thu Feb 20 14:04:31 UTC 2014,89.2786,0.12,1,CassandraNode_scaleIn,CassandraNode
Thu Feb 20 14:04:40 UTC 2014,87.8758,0.12,1,CassandraNode_scaleIn,CassandraNode
Thu Feb 20 14:04:48 UTC 2014,89.4895,0.12,1,CassandraNode_scaleIn,CassandraNode
Thu Feb 20 14:04:57 UTC 2014,91.2,0.12,1,CassandraNode_scaleIn,CassandraNode
Thu Feb 20 14:05:05 UTC 2014,91.2,0.12,1,CassandraNode_scaleIn,CassandraNode
Thu Feb 20 14:05:14 UTC 2014,90.6627,0.12,1,CassandraNode_scaleIn,CassandraNode
Thu Feb 20 14:05:22 UTC 2014,90.2,0.12,1,CassandraNode_scaleIn,CassandraNode
Thu Feb 20 14:05:30 UTC 2014,91.3741,0.12,1,CassandraNode_scaleIn,CassandraNode
Thu Feb 20 14:05:39 UTC 2014,91.3741,0.12,1,CassandraNode_scaleIn,CassandraNode
Thu Feb 20 14:05:47 UTC 2014,89.7,0.12,1,,
Thu Feb 20 14:05:56 UTC 2014,89.7,0.12,1,,
Thu Feb 20 14:06:01 UTC 2014,90.3808,0.12,1,,
Thu Feb 20 14:06:07 UTC 2014,90.3808,0.12,1,,
Thu Feb 20 14:06:12 UTC 2014,90,0.12,1,,
Thu Feb 20 14:06:17 UTC 2014,90,0.12,1,,
Thu Feb 20 14:06:23 UTC 2014,85.7143,0.12,1,,
Thu Feb 20 14:06:28 UTC 2014,85.7143,0.12,1,,
Thu Feb 20 14:06:34 UTC 2014,83.0661,0.12,1,,
Thu Feb 20 14:06:39 UTC 2014,85.2,0.12,1,,
Thu Feb 20 14:06:44 UTC 2014,85.2,0.12,1,,
Thu Feb 20 14:06:49 UTC 2014,85.2,0.12,1,,
Thu Feb 20 14:06:55 UTC 2014,85.2,0.12,1,,
Thu Feb 20 14:07:01 UTC 2014,87.9397,0.12,1,,
Thu Feb 20 14:07:06 UTC 2014,84.2158,0.12,1,,
Thu Feb 20 14:07:11 UTC 2014,84.2158,0.12,1,,
Thu Feb 20 14:07:17 UTC 2014,84.2158,0.12,1,,
Thu Feb 20 14:07:22 UTC 2014,81.2935,0.12,1,,
Thu Feb 20 14:07:28 UTC 2014,81.2935,0.12,1,,
Thu Feb 20 14:07:33 UTC 2014,86.5731,0.12,1,,
Thu Feb 20 14:07:38 UTC 2014,86.5731,0.12,1,,
Thu Feb 20 14:07:44 UTC 2014,86.5731,0.12,1,,
Thu Feb 20 14:07:49 UTC 2014,87.2618,0.12,1,,
Thu Feb 20 14:07:55 UTC 2014,87.2618,0.12,1,,
Thu Feb 20 14:08:00 UTC 2014,90,0.12,1,,
Thu Feb 20 14:08:05 UTC 2014,90,0.12,1,,
Thu Feb 20 14:08:11 UTC 2014,87.1615,0.12,1,,
Thu Feb 20 14:08:16 UTC 2014,87.1615,0.12,1,CassandraNode_scaleOut,CassandraNode
Thu Feb 20 14:08:24 UTC 2014,84.6693,0.12,1,CassandraNode_scaleOut,CassandraNode
Thu Feb 20 14:08:33 UTC 2014,84.6693,0.12,1,CassandraNode_scaleOut,CassandraNode
Thu Feb 20 14:08:41 UTC 2014,78.7213,0.12,1,CassandraNode_scaleOut,CassandraNode
Thu Feb 20 14:08:49 UTC 2014,81.1434,0.12,1,CassandraNode_scaleOut,CassandraNode
Thu Feb 20 14:08:58 UTC 2014,91.4,0.12,1,CassandraNode_scaleOut,CassandraNode
Thu Feb 20 14:09:06 UTC 2014,91.4,0.12,1,,
Thu Feb 20 14:09:12 UTC 2014,75.5287,0.12,1,,
Thu Feb 20 14:09:17 UTC 2014,75.5287,0.12,1,,
Thu Feb 20 14:09:23 UTC 2014,77.0854,0.12,1,,
Thu Feb 20 14:09:28 UTC 2014,58.4258,0.12,1,,
Thu Feb 20 14:09:34 UTC 2014,58.4258,0.12,1,,
Thu Feb 20 14:09:39 UTC 2014,58.4258,0.12,1,,
Thu Feb 20 14:09:44 UTC 2014,80.3427,0.12,1,,
Thu Feb 20 14:09:50 UTC 2014,80.3427,0.12,1,,
Thu Feb 20 14:09:56 UTC 2014,86.4865,0.12,1,,
Thu Feb 20 14:10:01 UTC 2014,86.4865,0.12,1,,
Thu Feb 20 14:10:06 UTC 2014,84.2528,0.12,1,,
Thu Feb 20 14:10:12 UTC 2014,84.2528,0.12,1,,
Thu Feb 20 14:10:17 UTC 2014,84.2528,0.12,1,,
Thu Feb 20 14:10:23 UTC 2014,84.2528,0.12,1,,
Thu Feb 20 14:10:28 UTC 2014,84.2528,0.12,1,,
Thu Feb 20 14:10:34 UTC 2014,77.3966,0.12,1,,
Thu Feb 20 14:10:39 UTC 2014,77.3966,0.12,1,,
Thu Feb 20 14:10:44 UTC 2014,83.6879,0.12,1,,
Thu Feb 20 14:10:50 UTC 2014,83.6879,0.12,1,,
Thu Feb 20 14:10:55 UTC 2014,83.6879,0.12,1,,
Thu Feb 20 14:11:01 UTC 2014,83.6879,0.12,1,,
Thu Feb 20 14:11:06 UTC 2014,86.0465,0.12,1,,
Thu Feb 20 14:11:12 UTC 2014,86.0465,0.12,1,,
Thu Feb 20 14:11:17 UTC 2014,86.0465,0.12,1,,
Thu Feb 20 14:11:23 UTC 2014,90.2513,0.12,1,,
Thu Feb 20 14:11:28 UTC 2014,90.2513,0.12,1,,
Thu Feb 20 14:11:34 UTC 2014,87.8514,0.12,1,,
Thu Feb 20 14:11:39 UTC 2014,87.8514,0.12,1,,
Thu Feb 20 14:11:45 UTC 2014,90.1606,0.12,1,,
Thu Feb 20 14:11:50 UTC 2014,90.1606,0.12,1,,
Thu Feb 20 14:11:56 UTC 2014,90.1606,0.12,1,,
Thu Feb 20 14:12:01 UTC 2014,90.1606,0.12,1,,
Thu Feb 20 14:12:07 UTC 2014,89.7206,0.12,1,,
Thu Feb 20 14:12:12 UTC 2014,89.7206,0.12,1,,
Thu Feb 20 14:12:18 UTC 2014,89.7206,0.12,1,,
Thu Feb 20 14:12:23 UTC 2014,89.7206,0.12,1,,
Thu Feb 20 14:12:28 UTC 2014,82.7309,0.12,1,,
Thu Feb 20 14:12:34 UTC 2014,82.7309,0.12,1,,
Thu Feb 20 14:12:39 UTC 2014,62.5892,0.12,1,,
Thu Feb 20 14:12:45 UTC 2014,62.5892,0.12,1,,
Thu Feb 20 14:12:50 UTC 2014,37.641,0.12,1,,
Thu Feb 20 14:12:56 UTC 2014,37.641,0.12,1,,
Thu Feb 20 14:13:01 UTC 2014,52.3571,0.12,1,,
Thu Feb 20 14:13:06 UTC 2014,52.3571,0.12,1,,
Thu Feb 20 14:13:12 UTC 2014,60.2837,0.12,1,,
Thu Feb 20 14:13:17 UTC 2014,60.2837,0.12,1,,
Thu Feb 20 14:13:23 UTC 2014,54.2914,0.12,1,,
Thu Feb 20 14:13:28 UTC 2014,54.2914,0.12,1,,
Thu Feb 20 14:13:34 UTC 2014,73.2535,0.12,1,,
Thu Feb 20 14:13:39 UTC 2014,73.2535,0.12,1,,
Thu Feb 20 14:13:45 UTC 2014,73.2535,0.12,1,,
Thu Feb 20 14:13:50 UTC 2014,73.2535,0.12,1,,
Thu Feb 20 14:13:56 UTC 2014,73.8262,0.12,1,,
Thu Feb 20 14:14:01 UTC 2014,73.8262,0.12,1,,
Thu Feb 20 14:14:07 UTC 2014,72.1493,0.12,1,,
Thu Feb 20 14:14:12 UTC 2014,65.587,0.12,1,,
Thu Feb 20 14:14:18 UTC 2014,65.587,0.12,1,,
Thu Feb 20 14:14:24 UTC 2014,65.587,0.12,1,,
Thu Feb 20 14:14:29 UTC 2014,61.7764,0.12,1,,
Thu Feb 20 14:14:35 UTC 2014,61.7764,0.12,1,,
Thu Feb 20 14:14:41 UTC 2014,73.1463,0.12,1,,
Thu Feb 20 14:14:46 UTC 2014,73.1463,0.12,1,,
Thu Feb 20 14:14:52 UTC 2014,73.1463,0.12,1,,
Thu Feb 20 14:14:57 UTC 2014,73.1463,0.12,1,,
Thu Feb 20 14:15:03 UTC 2014,73.1463,0.12,1,,
Thu Feb 20 14:15:09 UTC 2014,74.0365,0.12,1,,
Thu Feb 20 14:15:14 UTC 2014,74.0365,0.12,1,,
Thu Feb 20 14:15:20 UTC 2014,74.0365,0.12,1,,
Thu Feb 20 14:15:25 UTC 2014,89.4,0.12,1,,
Thu Feb 20 14:15:31 UTC 2014,89.4,0.12,1,,
Thu Feb 20 14:15:36 UTC 2014,89.4,0.12,1,,
Thu Feb 20 14:15:41 UTC 2014,83.0831,0.12,1,AppServer_scaleOut,AppServer
Thu Feb 20 14:15:50 UTC 2014,81.9838,0.12,1,AppServer_scaleOut,AppServer
Thu Feb 20 14:15:59 UTC 2014,81.9838,0.12,1,AppServer_scaleOut,AppServer
Thu Feb 20 14:16:07 UTC 2014,84.1365,0.12,1,AppServer_scaleOut,AppServer
Thu Feb 20 14:16:16 UTC 2014,80.3046,0.12,1,AppServer_scaleOut,AppServer
Thu Feb 20 14:16:25 UTC 2014,77.0771,0.12,1,AppServer_scaleOut,AppServer
Thu Feb 20 14:16:34 UTC 2014,79.1792,0.12,1,,
Thu Feb 20 14:16:42 UTC 2014,79.1792,0.12,1,,
Thu Feb 20 14:16:49 UTC 2014,60.6607,0.12,1,,
Thu Feb 20 14:16:55 UTC 2014,60.6607,0.12,1,,
Thu Feb 20 14:17:00 UTC 2014,60.6607,0.12,1,,
Thu Feb 20 14:17:06 UTC 2014,70.8622,0.12,1,,
Thu Feb 20 14:17:11 UTC 2014,70.8622,0.12,1,,
Thu Feb 20 14:17:17 UTC 2014,81.7724,0.12,1,,
Thu Feb 20 14:17:22 UTC 2014,79.8799,0.12,1,,
Thu Feb 20 14:17:28 UTC 2014,79.8799,0.12,1,,
Thu Feb 20 14:17:33 UTC 2014,79.8799,0.12,1,,
Thu Feb 20 14:17:39 UTC 2014,79.8799,0.12,1,,
Thu Feb 20 14:17:44 UTC 2014,77.7108,0.12,1,,
Thu Feb 20 14:17:50 UTC 2014,77.7108,0.12,1,,
Thu Feb 20 14:17:55 UTC 2014,77.7108,0.12,1,,
Thu Feb 20 14:18:01 UTC 2014,77.7108,0.12,1,,
Thu Feb 20 14:18:06 UTC 2014,77.7108,0.12,1,,
Thu Feb 20 14:18:12 UTC 2014,85.5567,0.12,1,,
Thu Feb 20 14:18:17 UTC 2014,85.5567,0.12,1,,
Thu Feb 20 14:18:23 UTC 2014,81.4257,0.12,1,,
Thu Feb 20 14:18:28 UTC 2014,81.4257,0.12,1,,
Thu Feb 20 14:18:33 UTC 2014,83.4503,0.12,1,CassandraNode_scaleOut,CassandraNode
Thu Feb 20 14:18:42 UTC 2014,83.4503,0.12,1,CassandraNode_scaleOut,CassandraNode
Thu Feb 20 14:18:51 UTC 2014,80.5221,0.12,1,CassandraNode_scaleOut,CassandraNode
Thu Feb 20 14:18:59 UTC 2014,82.3177,0.12,1,CassandraNode_scaleOut,CassandraNode
Thu Feb 20 14:19:08 UTC 2014,82.3177,0.12,1,CassandraNode_scaleOut,CassandraNode
Thu Feb 20 14:19:16 UTC 2014,82.5871,0.12,1,,
Thu Feb 20 14:19:22 UTC 2014,82.5871,0.12,1,,
Thu Feb 20 14:19:27 UTC 2014,85.0851,0.12,1,,
Thu Feb 20 14:19:33 UTC 2014,85.0851,0.12,1,,
Thu Feb 20 14:19:38 UTC 2014,85.0851,0.12,1,,
Thu Feb 20 14:19:44 UTC 2014,85.0851,0.12,1,,
Thu Feb 20 14:19:50 UTC 2014,83.3167,0.12,1,,
Thu Feb 20 14:19:55 UTC 2014,83.3167,0.12,1,,
Thu Feb 20 14:20:00 UTC 2014,78.209,0.12,1,,
Thu Feb 20 14:20:06 UTC 2014,78.209,0.12,1,,
Thu Feb 20 14:20:12 UTC 2014,82.3529,0.12,1,,
Thu Feb 20 14:20:17 UTC 2014,82.3529,0.12,1,,
Thu Feb 20 14:20:22 UTC 2014,82.3529,0.12,1,,
Thu Feb 20 14:20:29 UTC 2014,82.3529,0.12,1,,
Thu Feb 20 14:20:34 UTC 2014,82.3529,0.12,1,,
Thu Feb 20 14:20:40 UTC 2014,82.7828,0.12,1,,
Thu Feb 20 14:20:45 UTC 2014,79.3794,0.12,1,,
Thu Feb 20 14:20:51 UTC 2014,79.3794,0.12,1,,
Thu Feb 20 14:20:56 UTC 2014,79.3794,0.12,1,,
Thu Feb 20 14:21:02 UTC 2014,84.1842,0.12,1,,
Thu Feb 20 14:21:08 UTC 2014,84.1842,0.12,1,,
Thu Feb 20 14:21:14 UTC 2014,84.1842,0.12,1,,
Thu Feb 20 14:21:20 UTC 2014,84.8546,0.12,1,,
Thu Feb 20 14:21:25 UTC 2014,84.8546,0.12,1,,
Thu Feb 20 14:21:30 UTC 2014,84.8546,0.12,1,,
Thu Feb 20 14:21:36 UTC 2014,84.8546,0.12,1,,
Thu Feb 20 14:21:42 UTC 2014,84.8546,0.12,1,,
Thu Feb 20 14:21:47 UTC 2014,76.2048,0.12,1,,
Thu Feb 20 14:21:52 UTC 2014,76.2048,0.12,1,,
Thu Feb 20 14:21:58 UTC 2014,76.2048,0.12,1,,
Thu Feb 20 14:22:05 UTC 2014,76.2048,0.12,1,,
Thu Feb 20 14:22:10 UTC 2014,76.2048,0.12,1,,
Thu Feb 20 14:22:16 UTC 2014,86.2725,0.12,1,,
Thu Feb 20 14:22:22 UTC 2014,86.2725,0.12,1,,
Thu Feb 20 14:22:28 UTC 2014,86.2725,0.12,1,,
Thu Feb 20 14:22:34 UTC 2014,86.2725,0.12,1,,
Thu Feb 20 14:22:39 UTC 2014,75.4509,0.12,1,,
Thu Feb 20 14:22:44 UTC 2014,75.4509,0.12,1,,
Thu Feb 20 14:22:50 UTC 2014,75.4509,0.12,1,,
Thu Feb 20 14:22:55 UTC 2014,75.4509,0.12,1,,
Thu Feb 20 14:23:01 UTC 2014,72.8916,0.12,1,,
Thu Feb 20 14:23:06 UTC 2014,72.8916,0.12,1,,
Thu Feb 20 14:23:11 UTC 2014,72.8916,0.12,1,,
Thu Feb 20 14:23:17 UTC 2014,63.6637,0.12,1,,
Thu Feb 20 14:23:22 UTC 2014,80.1611,0.12,1,,
Thu Feb 20 14:23:27 UTC 2014,80.1611,0.12,1,,
Thu Feb 20 14:23:32 UTC 2014,80.1611,0.12,1,,
Thu Feb 20 14:23:38 UTC 2014,80.1611,0.12,1,,
Thu Feb 20 14:23:43 UTC 2014,74.4724,0.12,1,,
Thu Feb 20 14:23:48 UTC 2014,74.4724,0.12,1,,
Thu Feb 20 14:23:54 UTC 2014,83.4331,0.12,1,,
Thu Feb 20 14:24:00 UTC 2014,83.4331,0.12,1,,
Thu Feb 20 14:24:06 UTC 2014,83.4331,0.12,1,,
Thu Feb 20 14:24:11 UTC 2014,83.4331,0.12,1,,
Thu Feb 20 14:24:17 UTC 2014,74.3381,0.12,1,,
Thu Feb 20 14:24:23 UTC 2014,74.3381,0.12,1,,
Thu Feb 20 14:24:28 UTC 2014,74.3381,0.12,1,,
Thu Feb 20 14:24:35 UTC 2014,74.3381,0.12,1,,
Thu Feb 20 14:24:40 UTC 2014,74.3381,0.12,1,,
Thu Feb 20 14:24:46 UTC 2014,75.8,0.12,1,,
Thu Feb 20 14:24:51 UTC 2014,75.8,0.12,1,,
Thu Feb 20 14:24:57 UTC 2014,83,0.12,1,,
Thu Feb 20 14:25:03 UTC 2014,83,0.12,1,,
Thu Feb 20 14:25:08 UTC 2014,83,0.12,1,,
Thu Feb 20 14:25:14 UTC 2014,82.2645,0.12,1,,
Thu Feb 20 14:25:19 UTC 2014,79.5569,0.12,1,,
Thu Feb 20 14:25:24 UTC 2014,79.5569,0.12,1,,
Thu Feb 20 14:25:30 UTC 2014,79.5569,0.12,1,,
Thu Feb 20 14:25:35 UTC 2014,79.5569,0.12,1,,
Thu Feb 20 14:25:41 UTC 2014,79.5569,0.12,1,,
Thu Feb 20 14:25:46 UTC 2014,82.6044,0.12,1,,
Thu Feb 20 14:25:52 UTC 2014,82.6044,0.12,1,,
Thu Feb 20 14:25:58 UTC 2014,82.6044,0.12,1,,
Thu Feb 20 14:26:04 UTC 2014,82.6044,0.12,1,,
Thu Feb 20 14:26:09 UTC 2014,83.2168,0.12,1,,
Thu Feb 20 14:26:14 UTC 2014,83.2168,0.12,1,CassandraNode_scaleOut,CassandraNode
Thu Feb 20 14:26:23 UTC 2014,83.2168,0.12,1,CassandraNode_scaleOut,CassandraNode
Thu Feb 20 14:26:31 UTC 2014,73.1269,0.12,1,CassandraNode_scaleOut,CassandraNode
Thu Feb 20 14:26:40 UTC 2014,73.1269,0.12,1,CassandraNode_scaleOut,CassandraNode
Thu Feb 20 14:26:48 UTC 2014,80.7229,0.12,1,CassandraNode_scaleOut,CassandraNode
Thu Feb 20 14:26:57 UTC 2014,80.7229,0.12,1,,
Thu Feb 20 14:27:05 UTC 2014,84.7782,0.12,1,,
Thu Feb 20 14:27:11 UTC 2014,84.7782,0.12,1,,
Thu Feb 20 14:27:17 UTC 2014,84.7782,0.12,1,,
Thu Feb 20 14:27:23 UTC 2014,84.3687,0.12,1,,
Thu Feb 20 14:27:28 UTC 2014,84.3687,0.12,1,,
Thu Feb 20 14:27:34 UTC 2014,84.3687,0.12,1,,
Thu Feb 20 14:27:41 UTC 2014,82.3647,0.12,1,,
Thu Feb 20 14:27:46 UTC 2014,82.3647,0.12,1,,
Thu Feb 20 14:27:52 UTC 2014,82.3647,0.12,1,,
Thu Feb 20 14:27:57 UTC 2014,82.3647,0.12,1,,
Thu Feb 20 14:28:03 UTC 2014,82.3647,0.12,1,,
Thu Feb 20 14:28:08 UTC 2014,82.3647,0.12,1,,
Thu Feb 20 14:28:14 UTC 2014,82.3647,0.12,1,,
Thu Feb 20 14:28:20 UTC 2014,82.3647,0.12,1,,
Thu Feb 20 14:28:25 UTC 2014,82.3647,0.12,1,,
Thu Feb 20 14:28:31 UTC 2014,79.3413,0.12,1,,
Thu Feb 20 14:28:36 UTC 2014,79.3413,0.12,1,,
Thu Feb 20 14:28:42 UTC 2014,79.3413,0.12,1,,
Thu Feb 20 14:28:47 UTC 2014,86.255,0.12,1,,
Thu Feb 20 14:28:55 UTC 2014,86.255,0.12,1,,
Thu Feb 20 14:29:01 UTC 2014,86.255,0.12,1,,
Thu Feb 20 14:29:07 UTC 2014,86.255,0.12,1,,
Thu Feb 20 14:29:12 UTC 2014,80.1199,0.12,1,,
Thu Feb 20 14:29:18 UTC 2014,80.1199,0.12,1,,
Thu Feb 20 14:29:24 UTC 2014,80.1199,0.12,1,,
Thu Feb 20 14:29:30 UTC 2014,80.1199,0.12,1,,
Thu Feb 20 14:29:35 UTC 2014,80.1199,0.12,1,,
Thu Feb 20 14:29:41 UTC 2014,80.1199,0.12,1,,
Thu Feb 20 14:29:47 UTC 2014,85.7858,0.12,1,,
Thu Feb 20 14:29:52 UTC 2014,85.7858,0.12,1,,
Thu Feb 20 14:29:57 UTC 2014,85.7858,0.12,1,,
Thu Feb 20 14:30:03 UTC 2014,82.998,0.12,1,,
Thu Feb 20 14:30:08 UTC 2014,82.998,0.12,1,,
Thu Feb 20 14:30:14 UTC 2014,84.4601,0.12,1,,
Thu Feb 20 14:30:20 UTC 2014,84.4601,0.12,1,,
Thu Feb 20 14:30:25 UTC 2014,84.4601,0.12,1,,
Thu Feb 20 14:30:31 UTC 2014,84.4601,0.12,1,,
Thu Feb 20 14:30:37 UTC 2014,84.5155,0.12,1,,
Thu Feb 20 14:30:43 UTC 2014,84.5155,0.12,1,,
Thu Feb 20 14:30:48 UTC 2014,86.1862,0.12,1,,
Thu Feb 20 14:30:55 UTC 2014,86.1862,0.12,1,,
Thu Feb 20 14:31:01 UTC 2014,86.1862,0.12,1,,
Thu Feb 20 14:31:06 UTC 2014,86.1862,0.12,1,,
Thu Feb 20 14:31:11 UTC 2014,85.4709,0.12,1,,
Thu Feb 20 14:31:17 UTC 2014,85.4709,0.12,1,,
Thu Feb 20 14:31:22 UTC 2014,85.4709,0.12,1,,
Thu Feb 20 14:31:27 UTC 2014,79.23,0.12,1,,
Thu Feb 20 14:31:33 UTC 2014,79.23,0.12,1,,
Thu Feb 20 14:31:39 UTC 2014,79.23,0.12,1,,
Thu Feb 20 14:31:44 UTC 2014,82.1179,0.12,1,,
Thu Feb 20 14:31:50 UTC 2014,82.1179,0.12,1,,
Thu Feb 20 14:31:55 UTC 2014,82.1179,0.12,1,,
Thu Feb 20 14:32:01 UTC 2014,82.1179,0.12,1,,
Thu Feb 20 14:32:06 UTC 2014,82.1179,0.12,1,,
Thu Feb 20 14:32:11 UTC 2014,83.651,0.12,1,,
Thu Feb 20 14:32:17 UTC 2014,85.2705,0.12,1,,
Thu Feb 20 14:32:23 UTC 2014,85.2705,0.12,1,,
Thu Feb 20 14:32:28 UTC 2014,85.2705,0.12,1,,
Thu Feb 20 14:32:34 UTC 2014,81.2375,0.12,1,,
Thu Feb 20 14:32:40 UTC 2014,81.2375,0.12,1,,
Thu Feb 20 14:32:45 UTC 2014,81.2375,0.12,1,,
Thu Feb 20 14:32:50 UTC 2014,80.8765,0.12,1,,
Thu Feb 20 14:32:55 UTC 2014,80.8765,0.12,1,,
Thu Feb 20 14:33:01 UTC 2014,79.8193,0.12,1,,
Thu Feb 20 14:33:07 UTC 2014,79.8193,0.12,1,,
Thu Feb 20 14:33:12 UTC 2014,79.8193,0.12,1,,
Thu Feb 20 14:33:18 UTC 2014,79.8193,0.12,1,,
Thu Feb 20 14:33:23 UTC 2014,81.1245,0.12,1,,
Thu Feb 20 14:33:29 UTC 2014,81.1245,0.12,1,,
Thu Feb 20 14:33:35 UTC 2014,81.1245,0.12,1,,
Thu Feb 20 14:33:40 UTC 2014,73.7475,0.12,1,,
Thu Feb 20 14:33:46 UTC 2014,73.7475,0.12,1,,
Thu Feb 20 14:33:51 UTC 2014,76.1329,0.12,1,,
Thu Feb 20 14:33:56 UTC 2014,76.1329,0.12,1,,
Thu Feb 20 14:34:02 UTC 2014,76.1329,0.12,1,,
Thu Feb 20 14:34:07 UTC 2014,76.1329,0.12,1,,
Thu Feb 20 14:34:13 UTC 2014,83.7022,0.12,1,,
Thu Feb 20 14:34:18 UTC 2014,83.7022,0.12,1,,
Thu Feb 20 14:34:24 UTC 2014,85.4709,0.12,1,,
Thu Feb 20 14:34:29 UTC 2014,85.4709,0.12,1,,
Thu Feb 20 14:34:35 UTC 2014,85.4709,0.12,1,,
Thu Feb 20 14:34:40 UTC 2014,82.4473,0.12,1,CassandraNode_scaleOut,CassandraNode
Thu Feb 20 14:34:49 UTC 2014,79.1209,0.12,1,CassandraNode_scaleOut,CassandraNode
Thu Feb 20 14:34:58 UTC 2014,79.1209,0.12,1,CassandraNode_scaleOut,CassandraNode
Thu Feb 20 14:35:07 UTC 2014,79.7787,0.12,1,CassandraNode_scaleOut,CassandraNode
Thu Feb 20 14:35:15 UTC 2014,82.3,0.12,1,CassandraNode_scaleOut,CassandraNode
Thu Feb 20 14:35:24 UTC 2014,82.3,0.12,1,CassandraNode_scaleOut,CassandraNode
Thu Feb 20 14:35:32 UTC 2014,78.8634,0.12,1,,
Thu Feb 20 14:35:38 UTC 2014,79.4769,0.12,1,,
Thu Feb 20 14:35:44 UTC 2014,79.4769,0.12,1,,
Thu Feb 20 14:35:49 UTC 2014,79.4769,0.12,1,,
Thu Feb 20 14:35:55 UTC 2014,79.4769,0.12,1,,
Thu Feb 20 14:36:00 UTC 2014,80.9045,0.12,1,,
Thu Feb 20 14:36:06 UTC 2014,80.9045,0.12,1,,
Thu Feb 20 14:36:11 UTC 2014,80.9045,0.12,1,,
Thu Feb 20 14:36:17 UTC 2014,80.9045,0.12,1,,
Thu Feb 20 14:36:22 UTC 2014,80.6841,0.12,1,,
Thu Feb 20 14:36:28 UTC 2014,80.6841,0.12,1,,
Thu Feb 20 14:36:34 UTC 2014,80.6841,0.12,1,,
Thu Feb 20 14:36:39 UTC 2014,77.9221,0.12,1,,
Thu Feb 20 14:36:45 UTC 2014,77.9221,0.12,1,,
Thu Feb 20 14:36:50 UTC 2014,77.9221,0.12,1,,
Thu Feb 20 14:36:56 UTC 2014,77.9221,0.12,1,,
Thu Feb 20 14:37:01 UTC 2014,79.4383,0.12,1,,
Thu Feb 20 14:37:06 UTC 2014,74.975,0.12,1,,
Thu Feb 20 14:37:12 UTC 2014,74.975,0.12,1,,
Thu Feb 20 14:37:17 UTC 2014,74.975,0.12,1,,
Thu Feb 20 14:37:23 UTC 2014,74.975,0.12,1,,
Thu Feb 20 14:37:28 UTC 2014,74.975,0.12,1,,
Thu Feb 20 14:37:34 UTC 2014,81.9721,0.12,1,,
Thu Feb 20 14:37:39 UTC 2014,81.9721,0.12,1,,
Thu Feb 20 14:37:45 UTC 2014,81.9721,0.12,1,,
Thu Feb 20 14:37:50 UTC 2014,80.6,0.12,1,,
Thu Feb 20 14:37:55 UTC 2014,80.6,0.12,1,,
Thu Feb 20 14:38:01 UTC 2014,80.6,0.12,1,,
Thu Feb 20 14:38:06 UTC 2014,82.6347,0.12,1,,
Thu Feb 20 14:38:12 UTC 2014,82.6347,0.12,1,,
Thu Feb 20 14:38:17 UTC 2014,78.9211,0.12,1,,
Thu Feb 20 14:38:22 UTC 2014,78.9211,0.12,1,,
Thu Feb 20 14:38:28 UTC 2014,80.9524,0.12,1,,
Thu Feb 20 14:38:33 UTC 2014,80.9524,0.12,1,,
Thu Feb 20 14:38:39 UTC 2014,80.9524,0.12,1,,
Thu Feb 20 14:38:44 UTC 2014,81.2375,0.12,1,,
Thu Feb 20 14:38:49 UTC 2014,81.2375,0.12,1,,
Thu Feb 20 14:38:55 UTC 2014,83.5494,0.12,1,,
Thu Feb 20 14:39:00 UTC 2014,83.5494,0.12,1,,
Thu Feb 20 14:39:05 UTC 2014,83.5494,0.12,1,,
Thu Feb 20 14:39:11 UTC 2014,83.5494,0.12,1,,
Thu Feb 20 14:39:16 UTC 2014,83.5494,0.12,1,,
Thu Feb 20 14:39:22 UTC 2014,83.6327,0.12,1,,
Thu Feb 20 14:39:27 UTC 2014,81.4925,0.12,1,,
Thu Feb 20 14:39:32 UTC 2014,81.4925,0.12,1,,
Thu Feb 20 14:39:38 UTC 2014,81.4925,0.12,1,,
Thu Feb 20 14:39:43 UTC 2014,85.6,0.12,1,,
Thu Feb 20 14:39:48 UTC 2014,85.6,0.12,1,,
Thu Feb 20 14:39:53 UTC 2014,84.5691,0.12,1,,
Thu Feb 20 14:39:59 UTC 2014,84.5691,0.12,1,,
Thu Feb 20 14:40:04 UTC 2014,85.2,0.12,1,,
Thu Feb 20 14:40:09 UTC 2014,85.2,0.12,1,,
Thu Feb 20 14:40:15 UTC 2014,85.2,0.12,1,,
Thu Feb 20 14:40:21 UTC 2014,85.2,0.12,1,,
Thu Feb 20 14:40:26 UTC 2014,85.2,0.12,1,,
Thu Feb 20 14:40:31 UTC 2014,37.4875,0.12,1,,
Thu Feb 20 14:40:37 UTC 2014,37.4875,0.12,1,,
Thu Feb 20 14:40:42 UTC 2014,37.4875,0.12,1,,
Thu Feb 20 14:40:47 UTC 2014,51.4286,0.12,1,,
Thu Feb 20 14:40:53 UTC 2014,82.652,0.12,1,,
Thu Feb 20 14:40:58 UTC 2014,82.652,0.12,1,,
Thu Feb 20 14:41:03 UTC 2014,82.652,0.12,1,,
Thu Feb 20 14:41:08 UTC 2014,82.8343,0.12,1,,
Thu Feb 20 14:41:14 UTC 2014,82.8343,0.12,1,,
Thu Feb 20 14:41:19 UTC 2014,78.9631,0.12,1,,
Thu Feb 20 14:41:25 UTC 2014,78.9631,0.12,1,,
Thu Feb 20 14:41:31 UTC 2014,78.9631,0.12,1,,
Thu Feb 20 14:41:36 UTC 2014,82.9,0.12,1,,
Thu Feb 20 14:41:41 UTC 2014,82.9,0.12,1,,
Thu Feb 20 14:41:46 UTC 2014,84.0278,0.12,1,,
Thu Feb 20 14:41:52 UTC 2014,84.0278,0.12,1,,
Thu Feb 20 14:41:57 UTC 2014,84.0278,0.12,1,,
Thu Feb 20 14:42:03 UTC 2014,80.0399,0.12,1,,
Thu Feb 20 14:42:08 UTC 2014,80.0399,0.12,1,,
Thu Feb 20 14:42:14 UTC 2014,80.0399,0.12,1,,
Thu Feb 20 14:42:19 UTC 2014,83.6795,0.12,1,,
Thu Feb 20 14:42:24 UTC 2014,83.6795,0.12,1,,
Thu Feb 20 14:42:30 UTC 2014,83.6795,0.12,1,,
Thu Feb 20 14:42:36 UTC 2014,83.6795,0.12,1,,
Thu Feb 20 14:42:41 UTC 2014,83.6795,0.12,1,,
Thu Feb 20 14:42:47 UTC 2014,80.3376,0.12,1,,
Thu Feb 20 14:42:52 UTC 2014,80.3376,0.12,1,,
Thu Feb 20 14:42:57 UTC 2014,80.3376,0.12,1,,
Thu Feb 20 14:43:03 UTC 2014,80.3376,0.12,1,,
Thu Feb 20 14:43:09 UTC 2014,85.743,0.12,1,AppServer_scaleIn,AppServer
Thu Feb 20 14:43:17 UTC 2014,85.743,0.12,1,AppServer_scaleIn,AppServer
Thu Feb 20 14:43:26 UTC 2014,84.8303,0.12,1,AppServer_scaleIn,AppServer
Thu Feb 20 14:43:34 UTC 2014,84.8303,0.12,1,AppServer_scaleIn,AppServer
Thu Feb 20 14:43:43 UTC 2014,83.002,0.12,1,AppServer_scaleIn,AppServer
Thu Feb 20 14:43:51 UTC 2014,85.1446,0.12,1,AppServer_scaleIn,AppServer
Thu Feb 20 14:43:59 UTC 2014,79.6241,0.12,1,AppServer_scaleIn,AppServer
Thu Feb 20 14:44:08 UTC 2014,75.8553,0.12,1,AppServer_scaleIn,AppServer
Thu Feb 20 14:44:16 UTC 2014,79.146,0.12,1,AppServer_scaleIn,AppServer
Thu Feb 20 14:44:24 UTC 2014,79.146,0.12,1,AppServer_scaleIn,AppServer
Thu Feb 20 14:44:33 UTC 2014,82.0513,0.12,1,AppServer_scaleIn,AppServer
Thu Feb 20 14:44:41 UTC 2014,82.0513,0.12,1,AppServer_scaleIn,AppServer
Thu Feb 20 14:44:50 UTC 2014,82.8032,0.12,1,AppServer_scaleIn,AppServer
Thu Feb 20 14:44:58 UTC 2014,82.8032,0.12,1,AppServer_scaleIn,AppServer
Thu Feb 20 14:45:07 UTC 2014,85.2,0.12,1,AppServer_scaleIn,AppServer
Thu Feb 20 14:45:15 UTC 2014,84.016,0.12,1,AppServer_scaleIn,AppServer
Thu Feb 20 14:45:23 UTC 2014,85.6144,0.12,1,AppServer_scaleIn,AppServer
Thu Feb 20 14:45:32 UTC 2014,89.9101,0.12,1,AppServer_scaleIn,AppServer
Thu Feb 20 14:45:40 UTC 2014,89.9101,0.12,1,,
Thu Feb 20 14:45:48 UTC 2014,85.6716,0.12,1,,
Thu Feb 20 14:45:53 UTC 2014,85.6716,0.12,1,,
Thu Feb 20 14:45:58 UTC 2014,82.8233,0.12,1,,
Thu Feb 20 14:46:04 UTC 2014,85.4437,0.12,1,,
Thu Feb 20 14:46:09 UTC 2014,85.4437,0.12,1,,
Thu Feb 20 14:46:15 UTC 2014,85.4437,0.12,1,,
Thu Feb 20 14:46:20 UTC 2014,85.4437,0.12,1,,
Thu Feb 20 14:46:26 UTC 2014,88.0239,0.12,1,,
Thu Feb 20 14:46:31 UTC 2014,88.0239,0.12,1,,
Thu Feb 20 14:46:36 UTC 2014,88.0239,0.12,1,,
Thu Feb 20 14:46:42 UTC 2014,88.0239,0.12,1,,
Thu Feb 20 14:46:47 UTC 2014,88.0239,0.12,1,,
Thu Feb 20 14:46:52 UTC 2014,88.0239,0.12,1,,
Thu Feb 20 14:46:58 UTC 2014,83.1028,0.12,1,,
Thu Feb 20 14:47:04 UTC 2014,83.1028,0.12,1,,
Thu Feb 20 14:47:09 UTC 2014,83.1028,0.12,1,,
Thu Feb 20 14:47:14 UTC 2014,83.0525,0.12,1,,
Thu Feb 20 14:47:20 UTC 2014,83.0525,0.12,1,,
Thu Feb 20 14:47:25 UTC 2014,82.0359,0.12,1,,
Thu Feb 20 14:47:30 UTC 2014,82.0359,0.12,1,,
Thu Feb 20 14:47:36 UTC 2014,83.9763,0.12,1,,
Thu Feb 20 14:47:41 UTC 2014,83.9763,0.12,1,,
Thu Feb 20 14:47:46 UTC 2014,83.9763,0.12,1,,
Thu Feb 20 14:47:51 UTC 2014,86.3,0.12,1,,
Thu Feb 20 14:47:57 UTC 2014,83.002,0.12,1,,
Thu Feb 20 14:48:02 UTC 2014,83.002,0.12,1,,
Thu Feb 20 14:48:07 UTC 2014,85.1594,0.12,1,,
Thu Feb 20 14:48:13 UTC 2014,85.1594,0.12,1,,
Thu Feb 20 14:48:19 UTC 2014,85.1594,0.12,1,,
Thu Feb 20 14:48:24 UTC 2014,83.7302,0.12,1,,
Thu Feb 20 14:48:30 UTC 2014,83.7302,0.12,1,,
Thu Feb 20 14:48:35 UTC 2014,83.7302,0.12,1,,
Thu Feb 20 14:48:41 UTC 2014,83.7302,0.12,1,,
Thu Feb 20 14:48:46 UTC 2014,83.7302,0.12,1,,
Thu Feb 20 14:48:52 UTC 2014,77.1513,0.12,1,,
Thu Feb 20 14:48:57 UTC 2014,77.1513,0.12,1,,
Thu Feb 20 14:49:03 UTC 2014,77.1513,0.12,1,,
Thu Feb 20 14:49:08 UTC 2014,77.1513,0.12,1,,
Thu Feb 20 14:49:14 UTC 2014,77.6342,0.12,1,,
Thu Feb 20 14:49:19 UTC 2014,77.6342,0.12,1,,
Thu Feb 20 14:49:25 UTC 2014,77.6342,0.12,1,,
Thu Feb 20 14:49:30 UTC 2014,77.6342,0.12,1,,
Thu Feb 20 14:49:36 UTC 2014,63.6451,0.12,1,,
Thu Feb 20 14:49:41 UTC 2014,63.6451,0.12,1,,
Thu Feb 20 14:49:47 UTC 2014,63.6451,0.12,1,,
Thu Feb 20 14:49:52 UTC 2014,63.6451,0.12,1,,
Thu Feb 20 14:49:57 UTC 2014,63.6451,0.12,1,,
Thu Feb 20 14:50:03 UTC 2014,81.6,0.12,1,,
Thu Feb 20 14:50:08 UTC 2014,81.6,0.12,1,,
Thu Feb 20 14:50:14 UTC 2014,76.2661,0.12,1,,
Thu Feb 20 14:50:19 UTC 2014,76.2661,0.12,1,,
Thu Feb 20 14:50:25 UTC 2014,77.3399,0.12,1,,
Thu Feb 20 14:50:30 UTC 2014,77.3399,0.12,1,,
Thu Feb 20 14:50:36 UTC 2014,83.2008,0.12,1,,
Thu Feb 20 14:50:41 UTC 2014,85.4167,0.12,1,,
Thu Feb 20 14:50:46 UTC 2014,85.4167,0.12,1,,
Thu Feb 20 14:50:52 UTC 2014,85.4167,0.12,1,,
Thu Feb 20 14:50:57 UTC 2014,79.5025,0.12,1,,
Thu Feb 20 14:51:02 UTC 2014,79.8395,0.12,1,,
Thu Feb 20 14:51:08 UTC 2014,79.8395,0.12,1,,
Thu Feb 20 14:51:13 UTC 2014,79.8395,0.12,1,,
Thu Feb 20 14:51:19 UTC 2014,86.2275,0.12,1,,
Thu Feb 20 14:51:24 UTC 2014,86.2275,0.12,1,,
Thu Feb 20 14:51:30 UTC 2014,86.2275,0.12,1,,
Thu Feb 20 14:51:35 UTC 2014,85.2736,0.12,1,,
Thu Feb 20 14:51:40 UTC 2014,85.2736,0.12,1,,
Thu Feb 20 14:51:46 UTC 2014,84.6461,0.12,1,,
Thu Feb 20 14:51:51 UTC 2014,84.6461,0.12,1,,
Thu Feb 20 14:51:57 UTC 2014,84.6461,0.12,1,CassandraNode_scaleOut,CassandraNode
Thu Feb 20 14:52:05 UTC 2014,86.4677,0.12,1,CassandraNode_scaleOut,CassandraNode
Thu Feb 20 14:52:13 UTC 2014,85.3175,0.12,1,CassandraNode_scaleOut,CassandraNode
Thu Feb 20 14:52:21 UTC 2014,84.016,0.12,1,CassandraNode_scaleOut,CassandraNode
Thu Feb 20 14:52:30 UTC 2014,81.0891,0.12,1,CassandraNode_scaleOut,CassandraNode
Thu Feb 20 14:52:38 UTC 2014,81.0891,0.12,1,CassandraNode_scaleOut,CassandraNode
Thu Feb 20 14:52:47 UTC 2014,82.1074,0.12,1,,
Thu Feb 20 14:52:55 UTC 2014,84.5545,0.12,1,,
Thu Feb 20 14:53:00 UTC 2014,84.5545,0.12,1,,
Thu Feb 20 14:53:06 UTC 2014,86.9131,0.12,1,,
Thu Feb 20 14:53:11 UTC 2014,86.9131,0.12,1,,
Thu Feb 20 14:53:17 UTC 2014,86.9131,0.12,1,,
Thu Feb 20 14:53:22 UTC 2014,86.9131,0.12,1,,
Thu Feb 20 14:53:27 UTC 2014,78.1655,0.12,1,,
Thu Feb 20 14:53:33 UTC 2014,78.1655,0.12,1,,
Thu Feb 20 14:53:38 UTC 2014,78.1655,0.12,1,,
Thu Feb 20 14:53:44 UTC 2014,78.1655,0.12,1,,
Thu Feb 20 14:53:49 UTC 2014,84.9602,0.12,1,,
Thu Feb 20 14:53:54 UTC 2014,84.9602,0.12,1,,
Thu Feb 20 14:54:00 UTC 2014,85.4437,0.12,1,,
Thu Feb 20 14:54:05 UTC 2014,85.4437,0.12,1,,
Thu Feb 20 14:54:10 UTC 2014,83.5494,0.12,1,,
Thu Feb 20 14:54:16 UTC 2014,83.5494,0.12,1,,
Thu Feb 20 14:54:21 UTC 2014,85.3266,0.12,1,,
Thu Feb 20 14:54:26 UTC 2014,85.3266,0.12,1,,
Thu Feb 20 14:54:32 UTC 2014,85.3266,0.12,1,,
Thu Feb 20 14:54:37 UTC 2014,85.3266,0.12,1,,
Thu Feb 20 14:54:43 UTC 2014,74.1483,0.12,1,,
Thu Feb 20 14:54:49 UTC 2014,74.1483,0.12,1,,
Thu Feb 20 14:54:55 UTC 2014,74.1483,0.12,1,,
Thu Feb 20 14:55:00 UTC 2014,74.1483,0.12,1,,
Thu Feb 20 14:55:06 UTC 2014,74.1483,0.12,1,,
Thu Feb 20 14:55:11 UTC 2014,77.855,0.12,1,,
Thu Feb 20 14:55:17 UTC 2014,77.855,0.12,1,,
Thu Feb 20 14:55:23 UTC 2014,77.855,0.12,1,,
Thu Feb 20 14:55:29 UTC 2014,77.855,0.12,1,,
Thu Feb 20 14:55:34 UTC 2014,77.855,0.12,1,,
Thu Feb 20 14:55:39 UTC 2014,79.2864,0.12,1,,
Thu Feb 20 14:55:45 UTC 2014,79.2864,0.12,1,,
Thu Feb 20 14:55:50 UTC 2014,79.2864,0.12,1,,
Thu Feb 20 14:55:56 UTC 2014,79.2864,0.12,1,,
Thu Feb 20 14:56:01 UTC 2014,79.2864,0.12,1,,
Thu Feb 20 14:56:07 UTC 2014,85.5,0.12,1,,
Thu Feb 20 14:56:12 UTC 2014,85.5,0.12,1,,
Thu Feb 20 14:56:18 UTC 2014,85.5,0.12,1,,
Thu Feb 20 14:56:24 UTC 2014,85.5,0.12,1,,
Thu Feb 20 14:56:29 UTC 2014,81.6103,0.12,1,,
Thu Feb 20 14:56:34 UTC 2014,81.6103,0.12,1,,
Thu Feb 20 14:56:40 UTC 2014,80.995,0.12,1,,
Thu Feb 20 14:56:45 UTC 2014,80.995,0.12,1,,
Thu Feb 20 14:56:51 UTC 2014,80.995,0.12,1,,
Thu Feb 20 14:56:56 UTC 2014,83.0693,0.12,1,,
Thu Feb 20 14:57:02 UTC 2014,83.0693,0.12,1,,
Thu Feb 20 14:57:07 UTC 2014,83.0693,0.12,1,,
Thu Feb 20 14:57:12 UTC 2014,83.0693,0.12,1,,
Thu Feb 20 14:57:18 UTC 2014,83.0693,0.12,1,,
Thu Feb 20 14:57:23 UTC 2014,82.4056,0.12,1,,
Thu Feb 20 14:57:29 UTC 2014,80.995,0.12,1,,
Thu Feb 20 14:57:34 UTC 2014,80.995,0.12,1,,
Thu Feb 20 14:57:39 UTC 2014,80.995,0.12,1,,
Thu Feb 20 14:57:45 UTC 2014,80.995,0.12,1,,
Thu Feb 20 14:57:50 UTC 2014,80.995,0.12,1,,
Thu Feb 20 14:57:56 UTC 2014,80.995,0.12,1,,
Thu Feb 20 14:58:02 UTC 2014,80.995,0.12,1,,
Thu Feb 20 14:58:07 UTC 2014,82.7552,0.12,1,,
Thu Feb 20 14:58:13 UTC 2014,82.7552,0.12,1,,
Thu Feb 20 14:58:18 UTC 2014,82.7552,0.12,1,,
Thu Feb 20 14:58:24 UTC 2014,82.7552,0.12,1,,
Thu Feb 20 14:58:29 UTC 2014,82.7552,0.12,1,,
Thu Feb 20 14:58:35 UTC 2014,79.4589,0.12,1,,
Thu Feb 20 14:58:40 UTC 2014,79.4589,0.12,1,,
Thu Feb 20 14:58:46 UTC 2014,79.4589,0.12,1,,
Thu Feb 20 14:58:51 UTC 2014,79.4589,0.12,1,,
Thu Feb 20 14:58:56 UTC 2014,76.7258,0.12,1,,
Thu Feb 20 14:59:02 UTC 2014,76.7258,0.12,1,,
Thu Feb 20 14:59:07 UTC 2014,76.7258,0.12,1,,
Thu Feb 20 14:59:13 UTC 2014,76.7258,0.12,1,,
Thu Feb 20 14:59:18 UTC 2014,79.2247,0.12,1,,
Thu Feb 20 14:59:24 UTC 2014,79.2247,0.12,1,,
Thu Feb 20 14:59:29 UTC 2014,79.2247,0.12,1,,
Thu Feb 20 14:59:35 UTC 2014,79.2247,0.12,1,,
Thu Feb 20 14:59:40 UTC 2014,79.2247,0.12,1,,
Thu Feb 20 14:59:45 UTC 2014,79.3274,0.12,1,,
Thu Feb 20 14:59:51 UTC 2014,79.3274,0.12,1,,
Thu Feb 20 14:59:56 UTC 2014,79.3274,0.12,1,,
Thu Feb 20 15:00:02 UTC 2014,79.3274,0.12,1,,
Thu Feb 20 15:00:07 UTC 2014,79.3274,0.12,1,,
Thu Feb 20 15:00:13 UTC 2014,82.1643,0.12,1,,
Thu Feb 20 15:00:19 UTC 2014,82.1643,0.12,1,,
Thu Feb 20 15:00:24 UTC 2014,82.1643,0.12,1,,
Thu Feb 20 15:00:30 UTC 2014,82.1643,0.12,1,CassandraNode_scaleOut,CassandraNode
Thu Feb 20 15:00:38 UTC 2014,80.8342,0.12,1,CassandraNode_scaleOut,CassandraNode
Thu Feb 20 15:00:47 UTC 2014,80.8342,0.12,1,CassandraNode_scaleOut,CassandraNode
Thu Feb 20 15:00:55 UTC 2014,83.0339,0.12,1,CassandraNode_scaleOut,CassandraNode
Thu Feb 20 15:01:03 UTC 2014,74.9505,0.12,1,CassandraNode_scaleOut,CassandraNode
Thu Feb 20 15:01:12 UTC 2014,74.9505,0.12,1,CassandraNode_scaleOut,CassandraNode
Thu Feb 20 15:01:21 UTC 2014,79.1089,0.12,1,,
Thu Feb 20 15:01:28 UTC 2014,79.1089,0.12,1,,
Thu Feb 20 15:01:33 UTC 2014,78.4216,0.12,1,,
Thu Feb 20 15:01:39 UTC 2014,78.4216,0.12,1,,
Thu Feb 20 15:01:44 UTC 2014,85.4582,0.12,1,,
Thu Feb 20 15:01:49 UTC 2014,85.4582,0.12,1,,
Thu Feb 20 15:01:54 UTC 2014,88.1237,0.12,1,,
Thu Feb 20 15:01:59 UTC 2014,88.1237,0.12,1,,
Thu Feb 20 15:02:05 UTC 2014,87,0.12,1,,
Thu Feb 20 15:02:10 UTC 2014,87,0.12,1,,
Thu Feb 20 15:02:15 UTC 2014,87,0.12,1,,
Thu Feb 20 15:02:21 UTC 2014,84.2158,0.12,1,,
Thu Feb 20 15:02:26 UTC 2014,84.2158,0.12,1,,
Thu Feb 20 15:02:31 UTC 2014,88.7888,0.12,1,,
Thu Feb 20 15:02:37 UTC 2014,88.7888,0.12,1,,
Thu Feb 20 15:02:42 UTC 2014,90.6814,0.12,1,,
Thu Feb 20 15:02:47 UTC 2014,90.6814,0.12,1,,
Thu Feb 20 15:02:53 UTC 2014,90.6814,0.12,1,,
Thu Feb 20 15:02:59 UTC 2014,90.6814,0.12,1,,
Thu Feb 20 15:03:05 UTC 2014,87.7123,0.12,1,,
Thu Feb 20 15:03:10 UTC 2014,87.7123,0.12,1,,
Thu Feb 20 15:03:15 UTC 2014,87.7123,0.12,1,,
Thu Feb 20 15:03:21 UTC 2014,87.7123,0.12,1,,
Thu Feb 20 15:03:26 UTC 2014,86.2823,0.12,1,,
Thu Feb 20 15:03:31 UTC 2014,86.2823,0.12,1,,
Thu Feb 20 15:03:36 UTC 2014,88.0881,0.12,1,,
Thu Feb 20 15:03:42 UTC 2014,88.0881,0.12,1,,
Thu Feb 20 15:03:47 UTC 2014,88.5886,0.12,1,,
Thu Feb 20 15:03:53 UTC 2014,88.5886,0.12,1,,
Thu Feb 20 15:03:58 UTC 2014,86.1,0.12,1,,
Thu Feb 20 15:04:03 UTC 2014,86.1,0.12,1,,
Thu Feb 20 15:04:09 UTC 2014,87.0259,0.12,1,,
Thu Feb 20 15:04:14 UTC 2014,87.0259,0.12,1,,
Thu Feb 20 15:04:19 UTC 2014,87.0259,0.12,1,,
Thu Feb 20 15:04:24 UTC 2014,87.0259,0.12,1,,
Thu Feb 20 15:04:30 UTC 2014,85.2148,0.12,1,,
Thu Feb 20 15:04:35 UTC 2014,85.2148,0.12,1,,
Thu Feb 20 15:04:40 UTC 2014,87,0.12,1,,
Thu Feb 20 15:04:45 UTC 2014,86.7,0.12,1,,
Thu Feb 20 15:04:51 UTC 2014,87.3,0.12,1,,
Thu Feb 20 15:04:56 UTC 2014,87.3,0.12,1,,
Thu Feb 20 15:05:01 UTC 2014,90.7816,0.12,1,,
Thu Feb 20 15:05:06 UTC 2014,90.7816,0.12,1,,
Thu Feb 20 15:05:11 UTC 2014,90.7816,0.12,1,,
Thu Feb 20 15:05:16 UTC 2014,90.7816,0.12,1,,
Thu Feb 20 15:05:22 UTC 2014,90.3194,0.12,1,,
Thu Feb 20 15:05:27 UTC 2014,90.3194,0.12,1,,
Thu Feb 20 15:05:32 UTC 2014,88.5115,0.12,1,,
Thu Feb 20 15:05:38 UTC 2014,88.5115,0.12,1,AppServer_scaleIn,AppServer
Thu Feb 20 15:05:47 UTC 2014,87.2383,0.12,1,AppServer_scaleIn,AppServer
Thu Feb 20 15:05:55 UTC 2014,87.2383,0.12,1,AppServer_scaleIn,AppServer
Thu Feb 20 15:06:03 UTC 2014,88.978,0.12,1,AppServer_scaleIn,AppServer
Thu Feb 20 15:06:11 UTC 2014,88.6228,0.12,1,AppServer_scaleIn,AppServer
Thu Feb 20 15:06:19 UTC 2014,82.4,0.12,1,AppServer_scaleIn,AppServer
Thu Feb 20 15:06:28 UTC 2014,87.0259,0.12,1,AppServer_scaleIn,AppServer
Thu Feb 20 15:06:36 UTC 2014,87.0259,0.12,1,AppServer_scaleIn,AppServer
Thu Feb 20 15:06:44 UTC 2014,88.1237,0.12,1,AppServer_scaleIn,AppServer
Thu Feb 20 15:06:52 UTC 2014,88.1237,0.12,1,AppServer_scaleIn,AppServer
Thu Feb 20 15:07:01 UTC 2014,88.1237,0.12,1,AppServer_scaleIn,AppServer
Thu Feb 20 15:07:09 UTC 2014,82.8172,0.12,1,AppServer_scaleIn,AppServer
Thu Feb 20 15:07:18 UTC 2014,82.8172,0.12,1,AppServer_scaleIn,AppServer
Thu Feb 20 15:07:27 UTC 2014,82.8172,0.12,1,AppServer_scaleIn,AppServer
Thu Feb 20 15:07:35 UTC 2014,81.0226,0.12,1,AppServer_scaleIn,AppServer
Thu Feb 20 15:07:44 UTC 2014,81.0226,0.12,1,AppServer_scaleIn,AppServer
Thu Feb 20 15:07:53 UTC 2014,62.9412,0.12,1,AppServer_scaleIn,AppServer
Thu Feb 20 15:08:01 UTC 2014,62.9412,0.12,1,AppServer_scaleIn,AppServer
Thu Feb 20 15:08:10 UTC 2014,54.8851,0.12,1,AppServer_scaleIn,AppServer
Thu Feb 20 15:08:18 UTC 2014,54.8851,0.12,1,,
Thu Feb 20 15:08:26 UTC 2014,81.6184,0.12,1,,
Thu Feb 20 15:08:31 UTC 2014,81.6184,0.12,1,,
Thu Feb 20 15:08:36 UTC 2014,69.2082,0.12,1,,
Thu Feb 20 15:08:41 UTC 2014,69.2082,0.12,1,,
Thu Feb 20 15:08:47 UTC 2014,74.8503,0.12,1,,
Thu Feb 20 15:08:52 UTC 2014,74.8503,0.12,1,,
Thu Feb 20 15:08:57 UTC 2014,74.8503,0.12,1,,
Thu Feb 20 15:09:03 UTC 2014,80.6262,0.12,1,,
Thu Feb 20 15:09:08 UTC 2014,80.6262,0.12,1,,
Thu Feb 20 15:09:13 UTC 2014,80.6262,0.12,1,,
Thu Feb 20 15:09:19 UTC 2014,80.6262,0.12,1,,
Thu Feb 20 15:09:24 UTC 2014,74.1517,0.12,1,,
Thu Feb 20 15:09:29 UTC 2014,75.6703,0.12,1,,
Thu Feb 20 15:09:34 UTC 2014,75.6703,0.12,1,,
Thu Feb 20 15:09:40 UTC 2014,75.6703,0.12,1,,
Thu Feb 20 15:09:45 UTC 2014,75.6703,0.12,1,,
Thu Feb 20 15:09:50 UTC 2014,79.4059,0.12,1,,
Thu Feb 20 15:09:56 UTC 2014,79.4059,0.12,1,,
Thu Feb 20 15:10:01 UTC 2014,76.1622,0.12,1,,
Thu Feb 20 15:10:07 UTC 2014,76.1622,0.12,1,,
Thu Feb 20 15:10:12 UTC 2014,65.6585,0.12,1,,
Thu Feb 20 15:10:17 UTC 2014,65.6585,0.12,1,,
Thu Feb 20 15:10:23 UTC 2014,76.4647,0.12,1,,
Thu Feb 20 15:10:28 UTC 2014,76.4647,0.12,1,,
Thu Feb 20 15:10:35 UTC 2014,83.4161,0.12,1,,
Thu Feb 20 15:10:40 UTC 2014,83.4161,0.12,1,,
Thu Feb 20 15:10:46 UTC 2014,80.315,0.12,1,,
Thu Feb 20 15:10:52 UTC 2014,80.315,0.12,1,,
Thu Feb 20 15:10:57 UTC 2014,73.5034,0.12,1,,
Thu Feb 20 15:11:03 UTC 2014,73.5034,0.12,1,,
Thu Feb 20 15:11:08 UTC 2014,73.5034,0.12,1,,
Thu Feb 20 15:11:15 UTC 2014,75.9921,0.12,1,,
Thu Feb 20 15:11:21 UTC 2014,75.9921,0.12,1,,
Thu Feb 20 15:11:26 UTC 2014,75.9921,0.12,1,,
Thu Feb 20 15:11:32 UTC 2014,75.9921,0.12,1,,
Thu Feb 20 15:11:38 UTC 2014,75.9921,0.12,1,,
Thu Feb 20 15:11:43 UTC 2014,75.9921,0.12,1,,
Thu Feb 20 15:11:49 UTC 2014,74.5545,0.12,1,,
Thu Feb 20 15:11:55 UTC 2014,74.5545,0.12,1,,
Thu Feb 20 15:12:00 UTC 2014,80.2383,0.12,1,,
Thu Feb 20 15:12:05 UTC 2014,80.2383,0.12,1,,
Thu Feb 20 15:12:11 UTC 2014,80.2383,0.12,1,,
Thu Feb 20 15:12:16 UTC 2014,81.2749,0.12,1,,
Thu Feb 20 15:12:21 UTC 2014,81.2749,0.12,1,CassandraNode_scaleOut,CassandraNode
Thu Feb 20 15:12:30 UTC 2014,81.8719,0.12,1,CassandraNode_scaleOut,CassandraNode
Thu Feb 20 15:12:38 UTC 2014,74.2064,0.12,1,CassandraNode_scaleOut,CassandraNode
Thu Feb 20 15:12:46 UTC 2014,76.6337,0.12,1,CassandraNode_scaleOut,CassandraNode
Thu Feb 20 15:12:55 UTC 2014,76.6337,0.12,1,CassandraNode_scaleOut,CassandraNode
Thu Feb 20 15:13:03 UTC 2014,83.1516,0.12,1,CassandraNode_scaleOut,CassandraNode
Thu Feb 20 15:13:12 UTC 2014,78.852,0.12,1,,
Thu Feb 20 15:13:17 UTC 2014,78.852,0.12,1,,
Thu Feb 20 15:13:22 UTC 2014,83.6,0.12,1,,
Thu Feb 20 15:13:27 UTC 2014,83.6,0.12,1,,
Thu Feb 20 15:13:33 UTC 2014,83.6,0.12,1,,
Thu Feb 20 15:13:38 UTC 2014,84.5155,0.12,1,,
Thu Feb 20 15:13:44 UTC 2014,84.5155,0.12,1,,
Thu Feb 20 15:13:50 UTC 2014,75.4698,0.12,1,,
Thu Feb 20 15:13:55 UTC 2014,83.2507,0.12,1,,
Thu Feb 20 15:14:00 UTC 2014,83.2507,0.12,1,,
Thu Feb 20 15:14:05 UTC 2014,83.4331,0.12,1,,
Thu Feb 20 15:14:11 UTC 2014,83.4331,0.12,1,,
Thu Feb 20 15:14:16 UTC 2014,83.4331,0.12,1,,
Thu Feb 20 15:14:21 UTC 2014,79.1667,0.12,1,,
Thu Feb 20 15:14:26 UTC 2014,79.1667,0.12,1,,
Thu Feb 20 15:14:32 UTC 2014,79.4,0.12,1,,
Thu Feb 20 15:14:37 UTC 2014,79.4,0.12,1,,
Thu Feb 20 15:14:42 UTC 2014,85.2736,0.12,1,,
Thu Feb 20 15:14:47 UTC 2014,85.2736,0.12,1,,
Thu Feb 20 15:14:53 UTC 2014,85.2736,0.12,1,,
Thu Feb 20 15:14:58 UTC 2014,71.3583,0.12,1,,
Thu Feb 20 15:15:03 UTC 2014,71.3583,0.12,1,,
Thu Feb 20 15:15:09 UTC 2014,74.0778,0.12,1,,
Thu Feb 20 15:15:14 UTC 2014,74.0778,0.12,1,,
Thu Feb 20 15:15:20 UTC 2014,74.0778,0.12,1,,
Thu Feb 20 15:15:26 UTC 2014,74.0778,0.12,1,,
Thu Feb 20 15:15:31 UTC 2014,74.0778,0.12,1,,
Thu Feb 20 15:15:37 UTC 2014,65.286,0.12,1,,
Thu Feb 20 15:15:42 UTC 2014,65.286,0.12,1,,
Thu Feb 20 15:15:48 UTC 2014,65.286,0.12,1,,
Thu Feb 20 15:15:53 UTC 2014,65.286,0.12,1,,
Thu Feb 20 15:15:58 UTC 2014,73.9902,0.12,1,,
Thu Feb 20 15:16:04 UTC 2014,73.9902,0.12,1,,
Thu Feb 20 15:16:09 UTC 2014,73.9902,0.12,1,,
Thu Feb 20 15:16:14 UTC 2014,77.712,0.12,1,,
Thu Feb 20 15:16:20 UTC 2014,77.712,0.12,1,,
Thu Feb 20 15:16:25 UTC 2014,77.712,0.12,1,,
Thu Feb 20 15:16:31 UTC 2014,72.3214,0.12,1,,
Thu Feb 20 15:16:36 UTC 2014,85.6436,0.12,1,,
Thu Feb 20 15:16:41 UTC 2014,85.6436,0.12,1,,
Thu Feb 20 15:16:46 UTC 2014,85.6436,0.12,1,,
Thu Feb 20 15:16:52 UTC 2014,86.3,0.12,1,,
Thu Feb 20 15:16:57 UTC 2014,86.3,0.12,1,,
Thu Feb 20 15:17:02 UTC 2014,72.4926,0.12,1,,
Thu Feb 20 15:17:08 UTC 2014,72.4926,0.12,1,,
Thu Feb 20 15:17:15 UTC 2014,72.4926,0.12,1,,
Thu Feb 20 15:17:20 UTC 2014,72.4926,0.12,1,,
Thu Feb 20 15:17:26 UTC 2014,72.4926,0.12,1,,
Thu Feb 20 15:17:31 UTC 2014,71.984,0.12,1,,
Thu Feb 20 15:17:37 UTC 2014,71.984,0.12,1,,
Thu Feb 20 15:17:42 UTC 2014,71.984,0.12,1,,
Thu Feb 20 15:17:48 UTC 2014,71.984,0.12,1,,
Thu Feb 20 15:17:54 UTC 2014,71.984,0.12,1,,
Thu Feb 20 15:17:59 UTC 2014,71.984,0.12,1,,
Thu Feb 20 15:18:05 UTC 2014,65.7171,0.12,1,,
Thu Feb 20 15:18:10 UTC 2014,65.7171,0.12,1,,
Thu Feb 20 15:18:16 UTC 2014,65.7171,0.12,1,,
Thu Feb 20 15:18:22 UTC 2014,65.7171,0.12,1,,
Thu Feb 20 15:18:27 UTC 2014,65.7171,0.12,1,,
Thu Feb 20 15:18:33 UTC 2014,65.7171,0.12,1,,
Thu Feb 20 15:18:38 UTC 2014,72.9435,0.12,1,,
Thu Feb 20 15:18:44 UTC 2014,72.9435,0.12,1,,
Thu Feb 20 15:18:49 UTC 2014,72.9435,0.12,1,,
Thu Feb 20 15:18:55 UTC 2014,72.9435,0.12,1,,
Thu Feb 20 15:19:00 UTC 2014,72.9435,0.12,1,,
Thu Feb 20 15:19:06 UTC 2014,72.9435,0.12,1,,
Thu Feb 20 15:19:11 UTC 2014,68.8689,0.12,1,,
Thu Feb 20 15:19:17 UTC 2014,68.8689,0.12,1,,
Thu Feb 20 15:19:22 UTC 2014,68.8689,0.12,1,,
Thu Feb 20 15:19:28 UTC 2014,68.8689,0.12,1,,
Thu Feb 20 15:19:33 UTC 2014,68.8689,0.12,1,,
Thu Feb 20 15:19:39 UTC 2014,68.8689,0.12,1,,
Thu Feb 20 15:19:44 UTC 2014,68.8689,0.12,1,,
Thu Feb 20 15:19:50 UTC 2014,68.8689,0.12,1,,
Thu Feb 20 15:19:55 UTC 2014,83.6327,0.12,1,,
Thu Feb 20 15:20:01 UTC 2014,83.6327,0.12,1,,
Thu Feb 20 15:20:07 UTC 2014,83.6327,0.12,1,AppServer_scaleIn,AppServer
Thu Feb 20 15:20:15 UTC 2014,83.6327,0.12,1,AppServer_scaleIn,AppServer
Thu Feb 20 15:20:24 UTC 2014,65.5454,0.12,1,AppServer_scaleIn,AppServer
Thu Feb 20 15:20:32 UTC 2014,65.5454,0.12,1,AppServer_scaleIn,AppServer
Thu Feb 20 15:20:42 UTC 2014,65.8659,0.12,1,AppServer_scaleIn,AppServer
Thu Feb 20 15:20:50 UTC 2014,65.8659,0.12,1,AppServer_scaleIn,AppServer
Thu Feb 20 15:20:59 UTC 2014,43.17,0.12,1,AppServer_scaleIn,AppServer
Thu Feb 20 15:21:07 UTC 2014,43.17,0.12,1,AppServer_scaleIn,AppServer
Thu Feb 20 15:21:16 UTC 2014,58.392,0.12,1,AppServer_scaleIn,AppServer
Thu Feb 20 15:21:25 UTC 2014,58.392,0.12,1,AppServer_scaleIn,AppServer
Thu Feb 20 15:21:33 UTC 2014,58.392,0.12,1,AppServer_scaleIn,AppServer
Thu Feb 20 15:21:42 UTC 2014,41.9778,0.12,1,AppServer_scaleIn,AppServer
Thu Feb 20 15:21:51 UTC 2014,41.9778,0.12,1,AppServer_scaleIn,AppServer
Thu Feb 20 15:21:59 UTC 2014,37.1094,0.12,1,AppServer_scaleIn,AppServer
Thu Feb 20 15:22:08 UTC 2014,37.1094,0.12,1,AppServer_scaleIn,AppServer
Thu Feb 20 15:22:17 UTC 2014,55.8654,0.12,1,AppServer_scaleIn,AppServer
Thu Feb 20 15:22:26 UTC 2014,37.3777,0.12,1,AppServer_scaleIn,AppServer
Thu Feb 20 15:22:35 UTC 2014,37.3777,0.12,1,AppServer_scaleIn,AppServer
Thu Feb 20 15:22:43 UTC 2014,34.2857,0.12,1,AppServer_scaleIn,AppServer
Thu Feb 20 15:22:52 UTC 2014,34.2857,0.12,1,AppServer_scaleIn,AppServer
Thu Feb 20 15:23:00 UTC 2014,42.7586,0.12,1,,
Thu Feb 20 15:23:06 UTC 2014,42.7586,0.12,1,,
Thu Feb 20 15:23:12 UTC 2014,42.7586,0.12,1,,
Thu Feb 20 15:23:18 UTC 2014,42.7586,0.12,1,,
Thu Feb 20 15:23:24 UTC 2014,42.7586,0.12,1,,
Thu Feb 20 15:23:29 UTC 2014,70.8747,0.12,1,,
Thu Feb 20 15:23:35 UTC 2014,70.8747,0.12,1,,
Thu Feb 20 15:23:40 UTC 2014,70.8747,0.12,1,,
Thu Feb 20 15:23:46 UTC 2014,70.8747,0.12,1,,
Thu Feb 20 15:23:52 UTC 2014,70.8747,0.12,1,,
Thu Feb 20 15:23:57 UTC 2014,70.8747,0.12,1,,
Thu Feb 20 15:24:03 UTC 2014,39.6586,0.12,1,,
Thu Feb 20 15:24:09 UTC 2014,39.6586,0.12,1,,
Thu Feb 20 15:24:15 UTC 2014,39.6586,0.12,1,,
Thu Feb 20 15:24:20 UTC 2014,39.6586,0.12,1,,
Thu Feb 20 15:24:26 UTC 2014,39.6586,0.12,1,,
Thu Feb 20 15:24:31 UTC 2014,39.6586,0.12,1,,
Thu Feb 20 15:24:37 UTC 2014,51.5392,0.12,1,,
Thu Feb 20 15:24:42 UTC 2014,51.5392,0.12,1,,
Thu Feb 20 15:24:47 UTC 2014,51.5392,0.12,1,,
Thu Feb 20 15:24:53 UTC 2014,51.5392,0.12,1,,
Thu Feb 20 15:24:59 UTC 2014,51.5392,0.12,1,,
Thu Feb 20 15:25:05 UTC 2014,56.8182,0.12,1,,
Thu Feb 20 15:25:11 UTC 2014,56.8182,0.12,1,,
Thu Feb 20 15:25:16 UTC 2014,56.8182,0.12,1,,
Thu Feb 20 15:25:22 UTC 2014,56.8182,0.12,1,,
Thu Feb 20 15:25:27 UTC 2014,56.8182,0.12,1,,
Thu Feb 20 15:25:32 UTC 2014,56.8182,0.12,1,,
Thu Feb 20 15:25:38 UTC 2014,56.8182,0.12,1,,
Thu Feb 20 15:25:44 UTC 2014,33.3333,0.12,1,,
Thu Feb 20 15:25:50 UTC 2014,33.3333,0.12,1,,
Thu Feb 20 15:25:55 UTC 2014,33.3333,0.12,1,,
Thu Feb 20 15:26:01 UTC 2014,33.3333,0.12,1,,
Thu Feb 20 15:26:06 UTC 2014,33.3333,0.12,1,,
Thu Feb 20 15:26:11 UTC 2014,31.0516,0.12,1,,
Thu Feb 20 15:26:17 UTC 2014,31.0516,0.12,1,,
Thu Feb 20 15:26:22 UTC 2014,31.0516,0.12,1,CassandraNode_scaleOut,CassandraNode
Thu Feb 20 15:26:31 UTC 2014,31.0516,0.12,1,CassandraNode_scaleOut,CassandraNode
Thu Feb 20 15:26:40 UTC 2014,32.0697,0.12,1,CassandraNode_scaleOut,CassandraNode
Thu Feb 20 15:26:48 UTC 2014,30.9353,0.12,1,CassandraNode_scaleOut,CassandraNode
Thu Feb 20 15:26:56 UTC 2014,30.9353,0.12,1,CassandraNode_scaleOut,CassandraNode
Thu Feb 20 15:27:05 UTC 2014,30.9353,0.12,1,CassandraNode_scaleOut,CassandraNode
Thu Feb 20 15:27:13 UTC 2014,31.3803,0.12,1,CassandraNode_scaleOut,CassandraNode
Thu Feb 20 15:27:22 UTC 2014,35.7072,0.12,1,,
Thu Feb 20 15:27:30 UTC 2014,35.7072,0.12,1,,
Thu Feb 20 15:27:36 UTC 2014,29.8087,0.12,1,,
Thu Feb 20 15:27:42 UTC 2014,29.8087,0.12,1,,
Thu Feb 20 15:27:48 UTC 2014,29.8087,0.12,1,,
Thu Feb 20 15:27:54 UTC 2014,29.8087,0.12,1,,
Thu Feb 20 15:27:59 UTC 2014,29.8087,0.12,1,,
Thu Feb 20 15:28:05 UTC 2014,26.1555,0.12,1,,
Thu Feb 20 15:28:11 UTC 2014,26.1555,0.12,1,,
Thu Feb 20 15:28:16 UTC 2014,26.1555,0.12,1,,
Thu Feb 20 15:28:22 UTC 2014,26.1555,0.12,1,,
Thu Feb 20 15:28:28 UTC 2014,26.1555,0.12,1,,
Thu Feb 20 15:28:34 UTC 2014,26.1555,0.12,1,,
Thu Feb 20 15:28:40 UTC 2014,26.1555,0.12,1,,
Thu Feb 20 15:28:45 UTC 2014,33.4702,0.12,1,,
Thu Feb 20 15:28:51 UTC 2014,33.4702,0.12,1,,
Thu Feb 20 15:28:56 UTC 2014,33.4702,0.12,1,,
Thu Feb 20 15:29:02 UTC 2014,33.4702,0.12,1,,
Thu Feb 20 15:29:08 UTC 2014,33.4702,0.12,1,,
Thu Feb 20 15:29:14 UTC 2014,37.1484,0.12,1,,
Thu Feb 20 15:29:20 UTC 2014,37.1484,0.12,1,,
Thu Feb 20 15:29:25 UTC 2014,37.1484,0.12,1,,
Thu Feb 20 15:29:31 UTC 2014,37.1484,0.12,1,,
Thu Feb 20 15:29:37 UTC 2014,37.1484,0.12,1,,
Thu Feb 20 15:29:42 UTC 2014,37.1484,0.12,1,,
Thu Feb 20 15:29:48 UTC 2014,26.4735,0.12,1,,
Thu Feb 20 15:29:55 UTC 2014,26.4735,0.12,1,,
Thu Feb 20 15:30:00 UTC 2014,26.4735,0.12,1,,
Thu Feb 20 15:30:05 UTC 2014,26.4735,0.12,1,,
Thu Feb 20 15:30:11 UTC 2014,38.4241,0.12,1,,
Thu Feb 20 15:30:17 UTC 2014,38.4241,0.12,1,,
Thu Feb 20 15:30:22 UTC 2014,38.4241,0.12,1,,
Thu Feb 20 15:30:28 UTC 2014,38.4241,0.12,1,,
Thu Feb 20 15:30:33 UTC 2014,73.3728,0.12,1,,
Thu Feb 20 15:30:38 UTC 2014,73.3728,0.12,1,,
Thu Feb 20 15:30:44 UTC 2014,73.3728,0.12,1,,
Thu Feb 20 15:30:50 UTC 2014,73.3728,0.12,1,,
Thu Feb 20 15:30:56 UTC 2014,73.3728,0.12,1,,
Thu Feb 20 15:31:01 UTC 2014,81.194,0.12,1,,
Thu Feb 20 15:31:06 UTC 2014,81.194,0.12,1,,
Thu Feb 20 15:31:11 UTC 2014,85.9579,0.12,1,,
Thu Feb 20 15:31:16 UTC 2014,85.9579,0.12,1,,
Thu Feb 20 15:31:22 UTC 2014,85.9579,0.12,1,,
Thu Feb 20 15:31:28 UTC 2014,85.9579,0.12,1,,
Thu Feb 20 15:31:34 UTC 2014,85.9579,0.12,1,,
Thu Feb 20 15:31:39 UTC 2014,85.9579,0.12,1,,
Thu Feb 20 15:31:45 UTC 2014,60.4975,0.12,1,,
Thu Feb 20 15:31:51 UTC 2014,60.4975,0.12,1,,
Thu Feb 20 15:31:56 UTC 2014,60.4975,0.12,1,,
Thu Feb 20 15:32:02 UTC 2014,60.4975,0.12,1,,
Thu Feb 20 15:32:07 UTC 2014,60.4975,0.12,1,,
Thu Feb 20 15:32:13 UTC 2014,60.4975,0.12,1,,
Thu Feb 20 15:32:18 UTC 2014,14.4764,0.12,1,,
Thu Feb 20 15:32:24 UTC 2014,14.4764,0.12,1,,
Thu Feb 20 15:32:29 UTC 2014,14.4764,0.12,1,,
Thu Feb 20 15:32:34 UTC 2014,14.4764,0.12,1,,
Thu Feb 20 15:32:40 UTC 2014,10.5046,0.12,1,,
Thu Feb 20 15:32:45 UTC 2014,10.5046,0.12,1,,
Thu Feb 20 15:32:51 UTC 2014,10.5046,0.12,1,,
Thu Feb 20 15:32:56 UTC 2014,10.5046,0.12,1,,
Thu Feb 20 15:33:02 UTC 2014,10.5046,0.12,1,,
Thu Feb 20 15:33:08 UTC 2014,13.0214,0.12,1,,
Thu Feb 20 15:33:15 UTC 2014,13.0214,0.12,1,,
Thu Feb 20 15:33:21 UTC 2014,13.0214,0.12,1,,
Thu Feb 20 15:33:27 UTC 2014,13.0214,0.12,1,,
Thu Feb 20 15:33:33 UTC 2014,13.0214,0.12,1,,
Thu Feb 20 15:33:38 UTC 2014,13.0214,0.12,1,,
Thu Feb 20 15:33:44 UTC 2014,12.3975,0.12,1,,
Thu Feb 20 15:33:49 UTC 2014,12.3975,0.12,1,,
Thu Feb 20 15:33:55 UTC 2014,12.3975,0.12,1,,
Thu Feb 20 15:34:01 UTC 2014,12.3975,0.12,1,,
Thu Feb 20 15:34:06 UTC 2014,12.3975,0.12,1,,
Thu Feb 20 15:34:12 UTC 2014,12.3975,0.12,1,,
Thu Feb 20 15:34:17 UTC 2014,12.3975,0.12,1,,
Thu Feb 20 15:34:23 UTC 2014,10.8607,0.12,1,,
Thu Feb 20 15:34:29 UTC 2014,10.8607,0.12,1,,
Thu Feb 20 15:34:34 UTC 2014,10.8607,0.12,1,,
Thu Feb 20 15:34:39 UTC 2014,10.8607,0.12,1,,
Thu Feb 20 15:34:45 UTC 2014,10.8607,0.12,1,,
Thu Feb 20 15:34:51 UTC 2014,11.8006,0.12,1,,
Thu Feb 20 15:34:56 UTC 2014,11.8006,0.12,1,,
Thu Feb 20 15:35:02 UTC 2014,11.8006,0.12,1,,
Thu Feb 20 15:35:08 UTC 2014,11.8006,0.12,1,,
Thu Feb 20 15:35:15 UTC 2014,14.1117,0.12,1,,
Thu Feb 20 15:35:21 UTC 2014,14.1117,0.12,1,,
Thu Feb 20 15:35:26 UTC 2014,14.1117,0.12,1,,
Thu Feb 20 15:35:32 UTC 2014,14.1117,0.12,1,,
Thu Feb 20 15:35:37 UTC 2014,14.1117,0.12,1,,
Thu Feb 20 15:35:43 UTC 2014,14.1117,0.12,1,CassandraNode_scaleOut,CassandraNode
Thu Feb 20 15:35:51 UTC 2014,42.132,0.12,1,CassandraNode_scaleOut,CassandraNode
Thu Feb 20 15:36:00 UTC 2014,42.132,0.12,1,CassandraNode_scaleOut,CassandraNode
Thu Feb 20 15:36:08 UTC 2014,16.6329,0.12,1,CassandraNode_scaleOut,CassandraNode
Thu Feb 20 15:36:17 UTC 2014,17.0799,0.12,1,CassandraNode_scaleOut,CassandraNode
Thu Feb 20 15:36:25 UTC 2014,17.0799,0.12,1,CassandraNode_scaleOut,CassandraNode
Thu Feb 20 15:36:34 UTC 2014,16.6055,0.12,1,,
Thu Feb 20 15:36:40 UTC 2014,16.6055,0.12,1,,
Thu Feb 20 15:36:49 UTC 2014,16.6055,0.12,1,,
Thu Feb 20 15:36:55 UTC 2014,16.6055,0.12,1,,
Thu Feb 20 15:37:01 UTC 2014,16.8793,0.12,1,,
Thu Feb 20 15:37:07 UTC 2014,16.8793,0.12,1,,
Thu Feb 20 15:37:13 UTC 2014,16.8793,0.12,1,,
Thu Feb 20 15:37:18 UTC 2014,16.8793,0.12,1,,
Thu Feb 20 15:37:24 UTC 2014,16.8793,0.12,1,,
Thu Feb 20 15:37:29 UTC 2014,16.8793,0.12,1,,
Thu Feb 20 15:37:35 UTC 2014,23.1731,0.12,1,,
Thu Feb 20 15:37:41 UTC 2014,23.1731,0.12,1,,
Thu Feb 20 15:37:46 UTC 2014,23.1731,0.12,1,,
Thu Feb 20 15:37:52 UTC 2014,23.1731,0.12,1,,
Thu Feb 20 15:37:57 UTC 2014,23.1731,0.12,1,,
Thu Feb 20 15:38:04 UTC 2014,23.1731,0.12,1,,
Thu Feb 20 15:38:09 UTC 2014,23.1731,0.12,1,,
Thu Feb 20 15:38:15 UTC 2014,23.1731,0.12,1,,
Thu Feb 20 15:38:21 UTC 2014,19.0202,0.12,1,,
Thu Feb 20 15:38:26 UTC 2014,19.0202,0.12,1,CassandraNode_scaleOut,CassandraNode
Thu Feb 20 15:38:35 UTC 2014,19.0202,0.12,1,CassandraNode_scaleOut,CassandraNode
Thu Feb 20 15:38:43 UTC 2014,19.0341,0.12,1,CassandraNode_scaleOut,CassandraNode
Thu Feb 20 15:38:52 UTC 2014,19.0341,0.12,1,CassandraNode_scaleOut,CassandraNode
Thu Feb 20 15:39:00 UTC 2014,19.7331,0.12,1,CassandraNode_scaleOut,CassandraNode
Thu Feb 20 15:39:09 UTC 2014,19.7331,0.12,1,,
Thu Feb 20 15:39:16 UTC 2014,19.7331,0.12,1,,
Thu Feb 20 15:39:21 UTC 2014,19.7331,0.12,1,,
Thu Feb 20 15:39:27 UTC 2014,21.4493,0.12,1,,
Thu Feb 20 15:39:32 UTC 2014,21.4493,0.12,1,,
Thu Feb 20 15:39:37 UTC 2014,21.4493,0.12,1,,
Thu Feb 20 15:39:43 UTC 2014,21.4493,0.12,1,,
Thu Feb 20 15:39:49 UTC 2014,21.4493,0.12,1,,
Thu Feb 20 15:39:55 UTC 2014,21.4493,0.12,1,,
Thu Feb 20 15:40:00 UTC 2014,21.4493,0.12,1,,
Thu Feb 20 15:40:06 UTC 2014,25.9881,0.12,1,,
Thu Feb 20 15:40:12 UTC 2014,25.9881,0.12,1,,
Thu Feb 20 15:40:17 UTC 2014,25.9881,0.12,1,,
Thu Feb 20 15:40:22 UTC 2014,24.4533,0.12,1,,
Thu Feb 20 15:40:28 UTC 2014,24.4533,0.12,1,,
Thu Feb 20 15:40:33 UTC 2014,24.4533,0.12,1,,
Thu Feb 20 15:40:39 UTC 2014,24.4533,0.12,1,,
Thu Feb 20 15:40:45 UTC 2014,20.297,0.12,1,,
Thu Feb 20 15:40:50 UTC 2014,20.297,0.12,1,,
Thu Feb 20 15:40:55 UTC 2014,21.831,0.12,1,,
Thu Feb 20 15:41:00 UTC 2014,21.831,0.12,1,,
Thu Feb 20 15:41:06 UTC 2014,20.6122,0.12,1,,
Thu Feb 20 15:41:11 UTC 2014,20.6122,0.12,1,,
Thu Feb 20 15:41:16 UTC 2014,20.6122,0.12,1,,
Thu Feb 20 15:41:22 UTC 2014,20.6122,0.12,1,,
Thu Feb 20 15:41:27 UTC 2014,20.6122,0.12,1,,
Thu Feb 20 15:41:33 UTC 2014,20.6122,0.12,1,,
Thu Feb 20 15:41:39 UTC 2014,20.6122,0.12,1,,
Thu Feb 20 15:41:44 UTC 2014,17.6884,0.12,1,,
Thu Feb 20 15:41:49 UTC 2014,17.6884,0.12,1,,
Thu Feb 20 15:41:54 UTC 2014,17.6884,0.12,1,,
Thu Feb 20 15:41:59 UTC 2014,16.9388,0.12,1,,
Thu Feb 20 15:42:05 UTC 2014,16.9388,0.12,1,,
Thu Feb 20 15:42:10 UTC 2014,21.1813,0.12,1,,
Thu Feb 20 15:42:16 UTC 2014,21.1813,0.12,1,,
Thu Feb 20 15:42:21 UTC 2014,21.1813,0.12,1,,
Thu Feb 20 15:42:26 UTC 2014,18.8259,0.12,1,,
Thu Feb 20 15:42:31 UTC 2014,18.8259,0.12,1,,
Thu Feb 20 15:42:37 UTC 2014,22.6491,0.12,1,,
Thu Feb 20 15:42:42 UTC 2014,22.6491,0.12,1,,
Thu Feb 20 15:42:47 UTC 2014,23.0377,0.12,1,,
Thu Feb 20 15:42:52 UTC 2014,23.0377,0.12,1,,
Thu Feb 20 15:42:57 UTC 2014,26.3847,0.12,1,,
Thu Feb 20 15:43:03 UTC 2014,26.3847,0.12,1,,
Thu Feb 20 15:43:08 UTC 2014,27.4848,0.12,1,,
Thu Feb 20 15:43:13 UTC 2014,27.4848,0.12,1,,
Thu Feb 20 15:43:18 UTC 2014,20.9091,0.12,1,,
Thu Feb 20 15:43:24 UTC 2014,20.9091,0.12,1,,
Thu Feb 20 15:43:29 UTC 2014,21.2766,0.12,1,,
Thu Feb 20 15:43:34 UTC 2014,21.2766,0.12,1,,
Thu Feb 20 15:43:39 UTC 2014,19.818,0.12,1,,
Thu Feb 20 15:43:45 UTC 2014,19.818,0.12,1,,
Thu Feb 20 15:43:50 UTC 2014,19.818,0.12,1,,
Thu Feb 20 15:43:55 UTC 2014,22.9293,0.12,1,,
Thu Feb 20 15:44:00 UTC 2014,22.9293,0.12,1,,
Thu Feb 20 15:44:06 UTC 2014,22.9293,0.12,1,,
Thu Feb 20 15:44:11 UTC 2014,21.2425,0.12,1,,
Thu Feb 20 15:44:17 UTC 2014,21.2425,0.12,1,,
Thu Feb 20 15:44:22 UTC 2014,21.7832,0.12,1,,
Thu Feb 20 15:44:27 UTC 2014,21.3427,0.12,1,,
Thu Feb 20 15:44:32 UTC 2014,21.3427,0.12,1,,
Thu Feb 20 15:44:38 UTC 2014,21.3427,0.12,1,,
Thu Feb 20 15:44:44 UTC 2014,21.3427,0.12,1,,
Thu Feb 20 15:44:49 UTC 2014,23.0071,0.12,1,,
Thu Feb 20 15:44:55 UTC 2014,23.0071,0.12,1,,
Thu Feb 20 15:45:00 UTC 2014,23.0071,0.12,1,,
Thu Feb 20 15:45:06 UTC 2014,23.0071,0.12,1,,
Thu Feb 20 15:45:11 UTC 2014,23.0071,0.12,1,,
Thu Feb 20 15:45:16 UTC 2014,25.5624,0.12,1,,
Thu Feb 20 15:45:22 UTC 2014,25.5624,0.12,1,,
Thu Feb 20 15:45:27 UTC 2014,25.5624,0.12,1,,
Thu Feb 20 15:45:33 UTC 2014,25.5624,0.12,1,,
Thu Feb 20 15:45:38 UTC 2014,24.9246,0.12,1,,
Thu Feb 20 15:45:44 UTC 2014,24.9246,0.12,1,,
Thu Feb 20 15:45:49 UTC 2014,24.9246,0.12,1,,
Thu Feb 20 15:45:55 UTC 2014,24.9246,0.12,1,,
Thu Feb 20 15:46:00 UTC 2014,24.9246,0.12,1,,
Thu Feb 20 15:46:06 UTC 2014,24.9246,0.12,1,,
Thu Feb 20 15:46:12 UTC 2014,34.6304,0.12,1,CassandraNode_scaleOut,CassandraNode
Thu Feb 20 15:46:21 UTC 2014,34.6304,0.12,1,CassandraNode_scaleOut,CassandraNode
Thu Feb 20 15:46:30 UTC 2014,34.6304,0.12,1,CassandraNode_scaleOut,CassandraNode
Thu Feb 20 15:46:38 UTC 2014,25.4455,0.12,1,CassandraNode_scaleOut,CassandraNode
Thu Feb 20 15:46:47 UTC 2014,25.4455,0.12,1,CassandraNode_scaleOut,CassandraNode
Thu Feb 20 15:46:56 UTC 2014,25.4455,0.12,1,CassandraNode_scaleOut,CassandraNode
Thu Feb 20 15:47:04 UTC 2014,57.8109,0.12,1,CassandraNode_scaleOut,CassandraNode
Thu Feb 20 15:47:13 UTC 2014,57.8109,0.12,1,,
Thu Feb 20 15:47:19 UTC 2014,57.8109,0.12,1,,
Thu Feb 20 15:47:25 UTC 2014,57.8109,0.12,1,,
Thu Feb 20 15:47:30 UTC 2014,27.5758,0.12,1,,
Thu Feb 20 15:47:36 UTC 2014,27.5758,0.12,1,,
Thu Feb 20 15:47:42 UTC 2014,27.5758,0.12,1,,
Thu Feb 20 15:47:48 UTC 2014,27.5758,0.12,1,,
Thu Feb 20 15:47:54 UTC 2014,27.5758,0.12,1,,
Thu Feb 20 15:47:59 UTC 2014,27.5758,0.12,1,,
Thu Feb 20 15:48:05 UTC 2014,27.5758,0.12,1,,
Thu Feb 20 15:48:11 UTC 2014,27.5758,0.12,1,,
Thu Feb 20 15:48:17 UTC 2014,71.2329,0.12,1,,
Thu Feb 20 15:48:23 UTC 2014,71.2329,0.12,1,,
Thu Feb 20 15:48:28 UTC 2014,71.2329,0.12,1,,
Thu Feb 20 15:48:34 UTC 2014,71.2329,0.12,1,,
Thu Feb 20 15:48:40 UTC 2014,71.2329,0.12,1,,
Thu Feb 20 15:48:45 UTC 2014,71.2329,0.12,1,,
Thu Feb 20 15:48:51 UTC 2014,71.2329,0.12,1,,
Thu Feb 20 15:48:57 UTC 2014,44.7162,0.12,1,,
Thu Feb 20 15:49:03 UTC 2014,44.7162,0.12,1,,
Thu Feb 20 15:49:08 UTC 2014,44.7162,0.12,1,,
Thu Feb 20 15:49:14 UTC 2014,44.7162,0.12,1,,
Thu Feb 20 15:49:19 UTC 2014,44.7162,0.12,1,,
Thu Feb 20 15:49:25 UTC 2014,44.7162,0.12,1,,
Thu Feb 20 15:49:30 UTC 2014,44.7162,0.12,1,,
Thu Feb 20 15:49:36 UTC 2014,44.7162,0.12,1,,
Thu Feb 20 15:49:42 UTC 2014,73.3068,0.12,1,,
Thu Feb 20 15:49:48 UTC 2014,73.3068,0.12,1,,
Thu Feb 20 15:49:54 UTC 2014,73.3068,0.12,1,,
Thu Feb 20 15:49:59 UTC 2014,73.3068,0.12,1,,
Thu Feb 20 15:50:04 UTC 2014,73.3068,0.12,1,,
Thu Feb 20 15:50:10 UTC 2014,73.3068,0.12,1,,
Thu Feb 20 15:50:16 UTC 2014,73.3068,0.12,1,,
Thu Feb 20 15:50:22 UTC 2014,73.3068,0.12,1,,
Thu Feb 20 15:50:27 UTC 2014,83.0375,0.12,1,,
Thu Feb 20 15:50:33 UTC 2014,83.0375,0.12,1,,
Thu Feb 20 15:50:38 UTC 2014,83.0375,0.12,1,,
Thu Feb 20 15:50:44 UTC 2014,83.0375,0.12,1,,
Thu Feb 20 15:50:50 UTC 2014,83.0375,0.12,1,,
Thu Feb 20 15:50:55 UTC 2014,83.0375,0.12,1,,
Thu Feb 20 15:51:01 UTC 2014,83.0375,0.12,1,,
Thu Feb 20 15:51:07 UTC 2014,83.0375,0.12,1,,
Thu Feb 20 15:51:13 UTC 2014,83.0375,0.12,1,,
Thu Feb 20 15:51:18 UTC 2014,83.0375,0.12,1,,
Thu Feb 20 15:51:24 UTC 2014,73.8189,0.12,1,,
Thu Feb 20 15:51:30 UTC 2014,73.8189,0.12,1,,
Thu Feb 20 15:51:35 UTC 2014,73.8189,0.12,1,,
Thu Feb 20 15:51:41 UTC 2014,73.8189,0.12,1,,
Thu Feb 20 15:51:46 UTC 2014,73.8189,0.12,1,,
Thu Feb 20 15:51:51 UTC 2014,73.8189,0.12,1,,
Thu Feb 20 15:51:57 UTC 2014,73.8189,0.12,1,,
Thu Feb 20 15:52:04 UTC 2014,73.8189,0.12,1,,
Thu Feb 20 15:52:09 UTC 2014,38.2056,0.12,1,,
Thu Feb 20 15:52:15 UTC 2014,38.2056,0.12,1,,
Thu Feb 20 15:52:20 UTC 2014,38.2056,0.12,1,,
Thu Feb 20 15:52:26 UTC 2014,38.2056,0.12,1,,
Thu Feb 20 15:52:32 UTC 2014,38.2056,0.12,1,,
Thu Feb 20 15:52:37 UTC 2014,38.2056,0.12,1,,
Thu Feb 20 15:52:43 UTC 2014,38.2056,0.12,1,,
Thu Feb 20 15:52:48 UTC 2014,38.2056,0.12,1,,
Thu Feb 20 15:52:54 UTC 2014,38.2056,0.12,1,,
Thu Feb 20 15:53:00 UTC 2014,38.2056,0.12,1,,
Thu Feb 20 15:53:05 UTC 2014,39.2392,0.12,1,,
Thu Feb 20 15:53:11 UTC 2014,39.2392,0.12,1,,
Thu Feb 20 15:53:17 UTC 2014,39.2392,0.12,1,,
Thu Feb 20 15:53:23 UTC 2014,39.2392,0.12,1,,
Thu Feb 20 15:53:29 UTC 2014,39.2392,0.12,1,,
Thu Feb 20 15:53:34 UTC 2014,39.2392,0.12,1,,
Thu Feb 20 15:53:40 UTC 2014,39.2392,0.12,1,,
Thu Feb 20 15:53:45 UTC 2014,39.2392,0.12,1,,
Thu Feb 20 15:53:51 UTC 2014,39.2392,0.12,1,,
Thu Feb 20 15:53:57 UTC 2014,39.2392,0.12,1,,
Thu Feb 20 15:54:03 UTC 2014,78.3784,0.12,1,,
Thu Feb 20 15:54:08 UTC 2014,78.3784,0.12,1,,
Thu Feb 20 15:54:14 UTC 2014,78.3784,0.12,1,,
Thu Feb 20 15:54:19 UTC 2014,78.3784,0.12,1,,
Thu Feb 20 15:54:25 UTC 2014,78.3784,0.12,1,,
Thu Feb 20 15:54:31 UTC 2014,78.3784,0.12,1,,
Thu Feb 20 15:54:36 UTC 2014,78.3784,0.12,1,,
Thu Feb 20 15:54:42 UTC 2014,78.3784,0.12,1,,
Thu Feb 20 15:54:47 UTC 2014,54.4191,0.12,1,,
Thu Feb 20 15:54:53 UTC 2014,54.4191,0.12,1,,
Thu Feb 20 15:54:58 UTC 2014,54.4191,0.12,1,,
Thu Feb 20 15:55:05 UTC 2014,54.4191,0.12,1,,
Thu Feb 20 15:55:10 UTC 2014,54.4191,0.12,1,,
Thu Feb 20 15:55:16 UTC 2014,54.4191,0.12,1,,
Thu Feb 20 15:55:21 UTC 2014,54.4191,0.12,1,,
Thu Feb 20 15:55:27 UTC 2014,54.4191,0.12,1,,
Thu Feb 20 15:55:36 UTC 2014,78.1836,0.12,1,,
Thu Feb 20 15:55:43 UTC 2014,78.1836,0.12,1,,
Thu Feb 20 15:55:49 UTC 2014,78.1836,0.12,1,,
Thu Feb 20 15:55:55 UTC 2014,78.1836,0.12,1,,
Thu Feb 20 15:56:00 UTC 2014,78.1836,0.12,1,,
Thu Feb 20 15:56:06 UTC 2014,78.1836,0.12,1,,
Thu Feb 20 15:56:12 UTC 2014,78.1836,0.12,1,,
Thu Feb 20 15:56:17 UTC 2014,43.9196,0.12,1,,
Thu Feb 20 15:56:23 UTC 2014,43.9196,0.12,1,,
Thu Feb 20 15:56:29 UTC 2014,43.9196,0.12,1,,
Thu Feb 20 15:56:34 UTC 2014,43.9196,0.12,1,,
Thu Feb 20 15:56:40 UTC 2014,43.9196,0.12,1,,
Thu Feb 20 15:56:45 UTC 2014,43.9196,0.12,1,,
Thu Feb 20 15:56:51 UTC 2014,43.9196,0.12,1,,
Thu Feb 20 15:56:56 UTC 2014,43.9196,0.12,1,,
Thu Feb 20 15:57:02 UTC 2014,43.9196,0.12,1,,
Thu Feb 20 15:57:08 UTC 2014,73.0731,0.12,1,,
Thu Feb 20 15:57:14 UTC 2014,73.0731,0.12,1,,
Thu Feb 20 15:57:20 UTC 2014,73.0731,0.12,1,,
Thu Feb 20 15:57:25 UTC 2014,73.0731,0.12,1,,
Thu Feb 20 15:57:31 UTC 2014,73.0731,0.12,1,,
Thu Feb 20 15:57:36 UTC 2014,73.0731,0.12,1,,
Thu Feb 20 15:57:42 UTC 2014,73.0731,0.12,1,,
Thu Feb 20 15:57:47 UTC 2014,73.0731,0.12,1,,
Thu Feb 20 15:57:53 UTC 2014,73.0731,0.12,1,,
Thu Feb 20 15:57:58 UTC 2014,52.658,0.12,1,,
Thu Feb 20 15:58:04 UTC 2014,52.658,0.12,1,,
Thu Feb 20 15:58:10 UTC 2014,52.658,0.12,1,,
Thu Feb 20 15:58:16 UTC 2014,52.658,0.12,1,,
Thu Feb 20 15:58:21 UTC 2014,52.658,0.12,1,,
