Time ,cpuUsage ,numberOfVMs , ongoingAction, targetedNodeID
Thu Feb 20 13:23:56 UTC 2014,53.5502,6,CassandraNode_scaleOut,CassandraNode
Thu Feb 20 13:24:03 UTC 2014,-1,6,CassandraNode_scaleOut,CassandraNode
Thu Feb 20 13:24:11 UTC 2014,6,6,CassandraNode_scaleOut,CassandraNode
Thu Feb 20 13:24:17 UTC 2014,50.2722,6,CassandraNode_scaleOut,CassandraNode
Thu Feb 20 13:24:26 UTC 2014,48.8754,6,CassandraNode_scaleOut,CassandraNode
Thu Feb 20 13:24:33 UTC 2014,46.3299,6,CassandraNode_scaleOut,CassandraNode
Thu Feb 20 13:24:41 UTC 2014,51.5099,6,CassandraNode_scaleOut,CassandraNode
Thu Feb 20 13:24:48 UTC 2014,50.9587,6,,
Thu Feb 20 13:24:54 UTC 2014,48.5135,7,,
Thu Feb 20 13:25:00 UTC 2014,48.5135,7,,
Thu Feb 20 13:25:05 UTC 2014,48.5215,7,,
Thu Feb 20 13:25:11 UTC 2014,48.5215,7,,
Thu Feb 20 13:25:16 UTC 2014,48.5215,7,,
Thu Feb 20 13:25:22 UTC 2014,43.5139,7,,
Thu Feb 20 13:25:28 UTC 2014,44.9688,7,,
Thu Feb 20 13:25:33 UTC 2014,44.9688,7,,
Thu Feb 20 13:25:39 UTC 2014,43.5152,7,,
Thu Feb 20 13:25:44 UTC 2014,42.0271,7,,
Thu Feb 20 13:25:49 UTC 2014,42.0271,7,,
Thu Feb 20 13:25:55 UTC 2014,42.1754,7,,
Thu Feb 20 13:26:01 UTC 2014,41.9057,7,,
Thu Feb 20 13:26:06 UTC 2014,40.9923,7,,
Thu Feb 20 13:26:13 UTC 2014,45.3994,7,,
Thu Feb 20 13:26:18 UTC 2014,45.8644,7,,
Thu Feb 20 13:26:24 UTC 2014,45.8644,7,,
Thu Feb 20 13:26:29 UTC 2014,45.0479,7,,
Thu Feb 20 13:26:34 UTC 2014,49.3726,7,,
Thu Feb 20 13:26:40 UTC 2014,45.2468,7,,
Thu Feb 20 13:26:45 UTC 2014,47.8068,7,,
Thu Feb 20 13:26:50 UTC 2014,47.8068,7,,
Thu Feb 20 13:26:56 UTC 2014,52.208,7,,
Thu Feb 20 13:27:02 UTC 2014,50.4957,7,,
Thu Feb 20 13:27:07 UTC 2014,50.4957,7,,
Thu Feb 20 13:27:13 UTC 2014,49.5278,7,,
Thu Feb 20 13:27:18 UTC 2014,48.6075,7,,
Thu Feb 20 13:27:23 UTC 2014,48.6075,7,,
Thu Feb 20 13:27:29 UTC 2014,47.7409,7,,
Thu Feb 20 13:27:34 UTC 2014,48.4641,7,,
Thu Feb 20 13:27:40 UTC 2014,48.4641,7,,
Thu Feb 20 13:27:45 UTC 2014,50.3679,7,,
Thu Feb 20 13:27:50 UTC 2014,50.3679,7,,
Thu Feb 20 13:27:56 UTC 2014,51.2369,7,,
Thu Feb 20 13:28:01 UTC 2014,51.2369,7,,
Thu Feb 20 13:28:06 UTC 2014,48.1183,7,,
Thu Feb 20 13:28:12 UTC 2014,48.409,7,,
Thu Feb 20 13:28:17 UTC 2014,48.409,7,,
Thu Feb 20 13:28:23 UTC 2014,48.823,7,,
Thu Feb 20 13:28:28 UTC 2014,48.823,7,,
Thu Feb 20 13:28:33 UTC 2014,48.823,7,,
Thu Feb 20 13:28:39 UTC 2014,47.889,7,,
Thu Feb 20 13:28:44 UTC 2014,47.889,7,,
Thu Feb 20 13:28:50 UTC 2014,49.3035,7,,
Thu Feb 20 13:28:55 UTC 2014,49.3035,7,,
Thu Feb 20 13:29:01 UTC 2014,49.1697,7,,
Thu Feb 20 13:29:06 UTC 2014,49.1697,7,,
Thu Feb 20 13:29:11 UTC 2014,47.0143,7,,
Thu Feb 20 13:29:17 UTC 2014,46.052,7,,
Thu Feb 20 13:29:23 UTC 2014,46.052,7,,
Thu Feb 20 13:29:28 UTC 2014,44.1921,7,,
Thu Feb 20 13:29:33 UTC 2014,41.9849,7,,
Thu Feb 20 13:29:39 UTC 2014,41.9849,7,,
Thu Feb 20 13:29:44 UTC 2014,45.791,7,,
Thu Feb 20 13:29:50 UTC 2014,48.0828,7,,
Thu Feb 20 13:29:55 UTC 2014,48.0828,7,,
Thu Feb 20 13:30:01 UTC 2014,46.7817,7,,
Thu Feb 20 13:30:06 UTC 2014,49.4899,7,,
Thu Feb 20 13:30:11 UTC 2014,49.4899,7,,
Thu Feb 20 13:30:17 UTC 2014,47.6344,7,,
Thu Feb 20 13:30:22 UTC 2014,47.6344,7,,
Thu Feb 20 13:30:28 UTC 2014,46.8639,7,,
Thu Feb 20 13:30:33 UTC 2014,45.4224,7,,
Thu Feb 20 13:30:38 UTC 2014,45.4224,7,,
Thu Feb 20 13:30:44 UTC 2014,45.456,7,,
Thu Feb 20 13:30:50 UTC 2014,45.456,7,,
Thu Feb 20 13:30:55 UTC 2014,44.718,7,,
Thu Feb 20 13:31:00 UTC 2014,42.6792,7,,
Thu Feb 20 13:31:06 UTC 2014,42.6792,7,,
Thu Feb 20 13:31:11 UTC 2014,44.0567,7,,
Thu Feb 20 13:31:16 UTC 2014,44.0567,7,,
Thu Feb 20 13:31:22 UTC 2014,45.5053,7,,
Thu Feb 20 13:31:28 UTC 2014,45.5053,7,,
Thu Feb 20 13:31:33 UTC 2014,41.3653,7,,
Thu Feb 20 13:31:38 UTC 2014,43.0719,7,,
Thu Feb 20 13:31:44 UTC 2014,43.0719,7,,
Thu Feb 20 13:31:49 UTC 2014,46.8912,7,,
Thu Feb 20 13:31:54 UTC 2014,46.8912,7,,
Thu Feb 20 13:32:00 UTC 2014,47.365,7,,
Thu Feb 20 13:32:05 UTC 2014,45.1401,7,,
Thu Feb 20 13:32:11 UTC 2014,45.1401,7,,
Thu Feb 20 13:32:16 UTC 2014,46.1826,7,,
Thu Feb 20 13:32:22 UTC 2014,46.1826,7,,
Thu Feb 20 13:32:27 UTC 2014,45.5032,7,,
Thu Feb 20 13:32:34 UTC 2014,43.8031,7,,
Thu Feb 20 13:32:39 UTC 2014,43.8031,7,,
Thu Feb 20 13:32:45 UTC 2014,43.8811,7,,
Thu Feb 20 13:32:50 UTC 2014,43.8811,7,CassandraNode_scaleIn,CassandraNode
Thu Feb 20 13:32:57 UTC 2014,44.3267,7,CassandraNode_scaleIn,CassandraNode
Thu Feb 20 13:33:05 UTC 2014,44.6973,7,CassandraNode_scaleIn,CassandraNode
Thu Feb 20 13:33:12 UTC 2014,41.8215,7,CassandraNode_scaleIn,CassandraNode
Thu Feb 20 13:33:20 UTC 2014,39.567,7,CassandraNode_scaleIn,CassandraNode
Thu Feb 20 13:33:27 UTC 2014,42.5448,7,CassandraNode_scaleIn,CassandraNode
Thu Feb 20 13:33:36 UTC 2014,41.4902,7,CassandraNode_scaleIn,CassandraNode
Thu Feb 20 13:33:43 UTC 2014,41.7464,7,CassandraNode_scaleIn,CassandraNode
Thu Feb 20 13:33:51 UTC 2014,37.7509,7,CassandraNode_scaleIn,CassandraNode
Thu Feb 20 13:33:58 UTC 2014,40.2225,7,CassandraNode_scaleIn,CassandraNode
Thu Feb 20 13:34:06 UTC 2014,43.1151,7,CassandraNode_scaleIn,CassandraNode
Thu Feb 20 13:34:13 UTC 2014,44.7323,7,CassandraNode_scaleIn,CassandraNode
Thu Feb 20 13:34:21 UTC 2014,47.1883,7,CassandraNode_scaleIn,CassandraNode
Thu Feb 20 13:34:28 UTC 2014,48.8553,7,CassandraNode_scaleIn,CassandraNode
Thu Feb 20 13:34:35 UTC 2014,48.8553,7,CassandraNode_scaleIn,CassandraNode
Thu Feb 20 13:34:43 UTC 2014,46.6345,7,CassandraNode_scaleIn,CassandraNode
Thu Feb 20 13:34:50 UTC 2014,46.2999,7,CassandraNode_scaleIn,CassandraNode
Thu Feb 20 13:34:58 UTC 2014,46.3249,7,CassandraNode_scaleIn,CassandraNode
Thu Feb 20 13:35:05 UTC 2014,47.2265,7,CassandraNode_scaleIn,CassandraNode
Thu Feb 20 13:35:13 UTC 2014,48.4072,7,CassandraNode_scaleIn,CassandraNode
Thu Feb 20 13:35:21 UTC 2014,48.6753,7,CassandraNode_scaleIn,CassandraNode
Thu Feb 20 13:35:28 UTC 2014,45.3224,7,CassandraNode_scaleIn,CassandraNode
Thu Feb 20 13:35:35 UTC 2014,45.5075,7,CassandraNode_scaleIn,CassandraNode
Thu Feb 20 13:35:43 UTC 2014,45.89,7,CassandraNode_scaleIn,CassandraNode
Thu Feb 20 13:35:50 UTC 2014,46.6623,7,CassandraNode_scaleIn,CassandraNode
Thu Feb 20 13:35:58 UTC 2014,47.6507,7,CassandraNode_scaleIn,CassandraNode
Thu Feb 20 13:36:05 UTC 2014,48.3949,7,CassandraNode_scaleIn,CassandraNode
Thu Feb 20 13:36:13 UTC 2014,45.2479,7,CassandraNode_scaleIn,CassandraNode
Thu Feb 20 13:36:20 UTC 2014,45.2479,7,CassandraNode_scaleIn,CassandraNode
Thu Feb 20 13:36:27 UTC 2014,42.3802,7,CassandraNode_scaleIn,CassandraNode
Thu Feb 20 13:36:35 UTC 2014,41.9321,7,CassandraNode_scaleIn,CassandraNode
Thu Feb 20 13:36:42 UTC 2014,40.2241,7,CassandraNode_scaleIn,CassandraNode
Thu Feb 20 13:36:50 UTC 2014,42.5918,7,CassandraNode_scaleIn,CassandraNode
Thu Feb 20 13:36:58 UTC 2014,42.5918,7,CassandraNode_scaleIn,CassandraNode
Thu Feb 20 13:37:06 UTC 2014,44.9904,7,,
Thu Feb 20 13:37:13 UTC 2014,45.5053,6,,
Thu Feb 20 13:37:19 UTC 2014,45.5053,6,,
Thu Feb 20 13:37:24 UTC 2014,43.2959,6,,
Thu Feb 20 13:37:29 UTC 2014,43.2959,6,,
Thu Feb 20 13:37:35 UTC 2014,46.9449,6,,
Thu Feb 20 13:37:40 UTC 2014,46.8859,6,,
Thu Feb 20 13:37:45 UTC 2014,46.1754,6,,
Thu Feb 20 13:37:51 UTC 2014,46.1754,6,,
Thu Feb 20 13:37:57 UTC 2014,46.9076,6,,
Thu Feb 20 13:38:02 UTC 2014,46.9076,6,,
Thu Feb 20 13:38:07 UTC 2014,47.251,6,,
Thu Feb 20 13:38:13 UTC 2014,43.8739,6,,
Thu Feb 20 13:38:19 UTC 2014,43.8739,6,,
Thu Feb 20 13:38:24 UTC 2014,41.3552,6,,
Thu Feb 20 13:38:29 UTC 2014,40.7571,6,,
Thu Feb 20 13:38:35 UTC 2014,40.249,6,,
Thu Feb 20 13:38:40 UTC 2014,40.249,6,,
Thu Feb 20 13:38:46 UTC 2014,40.171,6,,
Thu Feb 20 13:38:51 UTC 2014,41.4193,6,,
Thu Feb 20 13:38:57 UTC 2014,41.4193,6,,
Thu Feb 20 13:39:02 UTC 2014,43.6588,6,,
Thu Feb 20 13:39:07 UTC 2014,43.6838,6,,
Thu Feb 20 13:39:13 UTC 2014,43.6838,6,,
Thu Feb 20 13:39:19 UTC 2014,43.8327,6,AppServer_scaleOut,AppServer
Thu Feb 20 13:39:26 UTC 2014,44.805,6,AppServer_scaleOut,AppServer
Thu Feb 20 13:39:33 UTC 2014,44.7997,6,AppServer_scaleOut,AppServer
Thu Feb 20 13:39:41 UTC 2014,41.309,6,AppServer_scaleOut,AppServer
Thu Feb 20 13:39:48 UTC 2014,43.1858,6,AppServer_scaleOut,AppServer
Thu Feb 20 13:39:56 UTC 2014,41.3447,6,AppServer_scaleOut,AppServer
Thu Feb 20 13:40:03 UTC 2014,38.672,6,AppServer_scaleOut,AppServer
Thu Feb 20 13:40:11 UTC 2014,44.3797,7,,
Thu Feb 20 13:40:16 UTC 2014,47.0831,7,,
Thu Feb 20 13:40:22 UTC 2014,47.7952,7,,
Thu Feb 20 13:40:27 UTC 2014,48.3592,7,,
Thu Feb 20 13:40:33 UTC 2014,48.3592,7,,
Thu Feb 20 13:40:38 UTC 2014,48.7049,7,,
Thu Feb 20 13:40:43 UTC 2014,48.7049,7,,
Thu Feb 20 13:40:49 UTC 2014,48.1052,7,,
Thu Feb 20 13:40:54 UTC 2014,48.1379,7,,
Thu Feb 20 13:41:00 UTC 2014,48.1379,7,,
Thu Feb 20 13:41:05 UTC 2014,46.6524,7,,
Thu Feb 20 13:41:10 UTC 2014,43.4053,7,,
Thu Feb 20 13:41:16 UTC 2014,43.4053,7,,
Thu Feb 20 13:41:21 UTC 2014,52.3163,7,,
Thu Feb 20 13:41:27 UTC 2014,39.301,7,,
Thu Feb 20 13:41:32 UTC 2014,39.301,7,,
Thu Feb 20 13:41:38 UTC 2014,39.3573,7,,
Thu Feb 20 13:41:44 UTC 2014,39.3573,7,AppServer_scaleOut,AppServer
Thu Feb 20 13:41:51 UTC 2014,46.3617,7,AppServer_scaleOut,AppServer
Thu Feb 20 13:41:59 UTC 2014,48.1932,7,AppServer_scaleOut,AppServer
Thu Feb 20 13:42:07 UTC 2014,48.5001,7,AppServer_scaleOut,AppServer
Thu Feb 20 13:42:14 UTC 2014,40.8596,7,AppServer_scaleOut,AppServer
Thu Feb 20 13:42:21 UTC 2014,39.5253,7,AppServer_scaleOut,AppServer
Thu Feb 20 13:42:29 UTC 2014,41.2407,8,,
Thu Feb 20 13:42:34 UTC 2014,41.2407,8,,
Thu Feb 20 13:42:39 UTC 2014,40.305,8,,
Thu Feb 20 13:42:45 UTC 2014,40.305,8,,
Thu Feb 20 13:42:50 UTC 2014,40.0881,8,,
Thu Feb 20 13:42:56 UTC 2014,40.0881,8,,
Thu Feb 20 13:43:01 UTC 2014,40.8139,8,,
Thu Feb 20 13:43:07 UTC 2014,42.7551,8,,
Thu Feb 20 13:43:12 UTC 2014,42.7551,8,,
Thu Feb 20 13:43:18 UTC 2014,43.1444,8,,
Thu Feb 20 13:43:23 UTC 2014,48.9423,8,,
Thu Feb 20 13:43:28 UTC 2014,50.0452,8,,
Thu Feb 20 13:43:34 UTC 2014,50.0452,8,,
Thu Feb 20 13:43:39 UTC 2014,49.0321,8,,
Thu Feb 20 13:43:45 UTC 2014,47.577,8,,
Thu Feb 20 13:43:50 UTC 2014,47.577,8,,
Thu Feb 20 13:43:55 UTC 2014,49.5977,8,,
Thu Feb 20 13:44:01 UTC 2014,50.2165,8,,
Thu Feb 20 13:44:06 UTC 2014,54.4697,8,,
Thu Feb 20 13:44:12 UTC 2014,54.4697,8,,
Thu Feb 20 13:44:17 UTC 2014,54.9602,8,,
Thu Feb 20 13:44:23 UTC 2014,52.1669,8,,
Thu Feb 20 13:44:29 UTC 2014,50.4706,8,,
Thu Feb 20 13:44:35 UTC 2014,50.4706,8,,
Thu Feb 20 13:44:40 UTC 2014,43.1545,8,,
Thu Feb 20 13:44:45 UTC 2014,43.1545,8,,
Thu Feb 20 13:44:51 UTC 2014,43.224,8,,
Thu Feb 20 13:44:56 UTC 2014,43.224,8,,
Thu Feb 20 13:45:01 UTC 2014,42.5058,8,,
Thu Feb 20 13:45:07 UTC 2014,48.1468,8,,
Thu Feb 20 13:45:12 UTC 2014,48.1468,8,,
Thu Feb 20 13:45:18 UTC 2014,48.1349,8,,
Thu Feb 20 13:45:23 UTC 2014,48.1349,8,,
Thu Feb 20 13:45:29 UTC 2014,47.8377,8,,
Thu Feb 20 13:45:34 UTC 2014,47.8377,8,,
Thu Feb 20 13:45:40 UTC 2014,47.9467,8,,
Thu Feb 20 13:45:45 UTC 2014,47.436,8,,
Thu Feb 20 13:45:51 UTC 2014,48.0305,8,,
Thu Feb 20 13:45:56 UTC 2014,48.0305,8,,
Thu Feb 20 13:46:01 UTC 2014,53.7833,8,,
Thu Feb 20 13:46:07 UTC 2014,53.7833,8,,
Thu Feb 20 13:46:12 UTC 2014,53.2105,8,,
Thu Feb 20 13:46:17 UTC 2014,50.8282,8,,
Thu Feb 20 13:46:23 UTC 2014,50.8282,8,,
Thu Feb 20 13:46:28 UTC 2014,49.3138,8,,
Thu Feb 20 13:46:34 UTC 2014,49.3138,8,,
Thu Feb 20 13:46:40 UTC 2014,50.7327,8,,
Thu Feb 20 13:46:45 UTC 2014,48.88,8,,
Thu Feb 20 13:46:50 UTC 2014,46.3707,8,,
Thu Feb 20 13:46:55 UTC 2014,46.3707,8,,
Thu Feb 20 13:47:01 UTC 2014,46.8959,8,,
Thu Feb 20 13:47:06 UTC 2014,46.8959,8,,
Thu Feb 20 13:47:12 UTC 2014,46.8618,8,,
Thu Feb 20 13:47:17 UTC 2014,46.8618,8,,
Thu Feb 20 13:47:23 UTC 2014,46.8618,8,,
Thu Feb 20 13:47:28 UTC 2014,53.1524,8,,
Thu Feb 20 13:47:33 UTC 2014,53.1524,8,,
Thu Feb 20 13:47:39 UTC 2014,51.3921,8,,
Thu Feb 20 13:47:44 UTC 2014,51.3921,8,,
Thu Feb 20 13:47:50 UTC 2014,50.0408,8,,
Thu Feb 20 13:47:55 UTC 2014,50.0408,8,,
Thu Feb 20 13:48:00 UTC 2014,51.2577,8,,
Thu Feb 20 13:48:06 UTC 2014,51.2577,8,CassandraNode_scaleOut,CassandraNode
Thu Feb 20 13:48:13 UTC 2014,49.3885,8,CassandraNode_scaleOut,CassandraNode
Thu Feb 20 13:48:20 UTC 2014,49.8645,8,CassandraNode_scaleOut,CassandraNode
Thu Feb 20 13:48:28 UTC 2014,50.8724,8,CassandraNode_scaleOut,CassandraNode
Thu Feb 20 13:48:35 UTC 2014,51.3904,8,CassandraNode_scaleOut,CassandraNode
Thu Feb 20 13:48:43 UTC 2014,51.1399,8,CassandraNode_scaleOut,CassandraNode
Thu Feb 20 13:48:50 UTC 2014,47.695,8,CassandraNode_scaleOut,CassandraNode
Thu Feb 20 13:48:58 UTC 2014,47.6847,8,CassandraNode_scaleOut,CassandraNode
Thu Feb 20 13:49:05 UTC 2014,51.9208,8,,
Thu Feb 20 13:49:11 UTC 2014,51.9208,8,,
Thu Feb 20 13:49:16 UTC 2014,53.7823,9,,
Thu Feb 20 13:49:22 UTC 2014,55.1101,9,,
Thu Feb 20 13:49:27 UTC 2014,53.207,9,,
Thu Feb 20 13:49:33 UTC 2014,53.207,9,,
Thu Feb 20 13:49:39 UTC 2014,51.6023,9,,
Thu Feb 20 13:49:44 UTC 2014,51.5062,9,,
Thu Feb 20 13:49:50 UTC 2014,51.5062,9,,
Thu Feb 20 13:49:56 UTC 2014,50.4001,9,,
Thu Feb 20 13:50:01 UTC 2014,50.4001,9,,
Thu Feb 20 13:50:07 UTC 2014,50.1897,9,,
Thu Feb 20 13:50:12 UTC 2014,52.0977,9,,
Thu Feb 20 13:50:18 UTC 2014,52.0977,9,,
Thu Feb 20 13:50:24 UTC 2014,53.5259,9,,
Thu Feb 20 13:50:30 UTC 2014,53.5259,9,,
Thu Feb 20 13:50:35 UTC 2014,47.1477,9,,
Thu Feb 20 13:50:41 UTC 2014,47.1477,9,,
Thu Feb 20 13:50:47 UTC 2014,48.1006,9,,
Thu Feb 20 13:50:52 UTC 2014,48.1006,9,,
Thu Feb 20 13:50:58 UTC 2014,49.6945,9,,
Thu Feb 20 13:51:04 UTC 2014,49.6945,9,,
Thu Feb 20 13:51:09 UTC 2014,55.4908,9,,
Thu Feb 20 13:51:15 UTC 2014,54.3576,9,,
Thu Feb 20 13:51:20 UTC 2014,54.3576,9,,
Thu Feb 20 13:51:26 UTC 2014,52.3747,9,,
Thu Feb 20 13:51:31 UTC 2014,48.8784,9,,
Thu Feb 20 13:51:37 UTC 2014,48.8784,9,,
Thu Feb 20 13:51:42 UTC 2014,53.5608,9,,
Thu Feb 20 13:51:47 UTC 2014,53.5608,9,,
Thu Feb 20 13:51:54 UTC 2014,51.6168,9,,
Thu Feb 20 13:51:59 UTC 2014,51.6168,9,,
Thu Feb 20 13:52:05 UTC 2014,51.6168,9,,
Thu Feb 20 13:52:11 UTC 2014,52.0837,9,,
Thu Feb 20 13:52:16 UTC 2014,49.5176,9,,
Thu Feb 20 13:52:21 UTC 2014,49.5426,9,,
Thu Feb 20 13:52:27 UTC 2014,49.2701,9,,
Thu Feb 20 13:52:32 UTC 2014,49.2701,9,,
Thu Feb 20 13:52:37 UTC 2014,49.9174,9,,
Thu Feb 20 13:52:43 UTC 2014,52.5055,9,,
Thu Feb 20 13:52:48 UTC 2014,52.243,9,,
Thu Feb 20 13:52:53 UTC 2014,52.8438,9,,
Thu Feb 20 13:52:59 UTC 2014,52.8438,9,,
Thu Feb 20 13:53:05 UTC 2014,53.6843,9,,
Thu Feb 20 13:53:10 UTC 2014,53.9904,9,,
Thu Feb 20 13:53:15 UTC 2014,53.3697,9,,
Thu Feb 20 13:53:21 UTC 2014,53.3697,9,,
Thu Feb 20 13:53:26 UTC 2014,51.9891,9,,
Thu Feb 20 13:53:31 UTC 2014,52.0389,9,,
Thu Feb 20 13:53:37 UTC 2014,52.0389,9,CassandraNode_scaleIn,CassandraNode
Thu Feb 20 13:53:44 UTC 2014,51.7581,9,CassandraNode_scaleIn,CassandraNode
Thu Feb 20 13:53:52 UTC 2014,52.1039,9,CassandraNode_scaleIn,CassandraNode
Thu Feb 20 13:53:59 UTC 2014,51.1651,9,CassandraNode_scaleIn,CassandraNode
Thu Feb 20 13:54:07 UTC 2014,49.9229,9,CassandraNode_scaleIn,CassandraNode
Thu Feb 20 13:54:14 UTC 2014,49.9229,9,CassandraNode_scaleIn,CassandraNode
Thu Feb 20 13:54:23 UTC 2014,49.3224,9,CassandraNode_scaleIn,CassandraNode
Thu Feb 20 13:54:30 UTC 2014,53.0847,9,CassandraNode_scaleIn,CassandraNode
Thu Feb 20 13:54:37 UTC 2014,56.256,9,CassandraNode_scaleIn,CassandraNode
Thu Feb 20 13:54:46 UTC 2014,56.5961,9,CassandraNode_scaleIn,CassandraNode
Thu Feb 20 13:54:53 UTC 2014,54.9784,9,CassandraNode_scaleIn,CassandraNode
Thu Feb 20 13:55:00 UTC 2014,54.8118,9,CassandraNode_scaleIn,CassandraNode
Thu Feb 20 13:55:08 UTC 2014,51.5393,9,CassandraNode_scaleIn,CassandraNode
Thu Feb 20 13:55:16 UTC 2014,51.1013,9,CassandraNode_scaleIn,CassandraNode
Thu Feb 20 13:55:23 UTC 2014,52.2241,9,CassandraNode_scaleIn,CassandraNode
Thu Feb 20 13:55:31 UTC 2014,53.1858,9,CassandraNode_scaleIn,CassandraNode
Thu Feb 20 13:55:38 UTC 2014,53.9176,9,CassandraNode_scaleIn,CassandraNode
Thu Feb 20 13:55:46 UTC 2014,51.657,9,CassandraNode_scaleIn,CassandraNode
Thu Feb 20 13:55:54 UTC 2014,51.842,9,CassandraNode_scaleIn,CassandraNode
Thu Feb 20 13:56:01 UTC 2014,51.842,9,CassandraNode_scaleIn,CassandraNode
Thu Feb 20 13:56:09 UTC 2014,49.2707,9,CassandraNode_scaleIn,CassandraNode
Thu Feb 20 13:56:16 UTC 2014,48.1354,9,CassandraNode_scaleIn,CassandraNode
Thu Feb 20 13:56:24 UTC 2014,51.9798,9,CassandraNode_scaleIn,CassandraNode
Thu Feb 20 13:56:31 UTC 2014,51.1641,9,CassandraNode_scaleIn,CassandraNode
Thu Feb 20 13:56:38 UTC 2014,50.1536,9,CassandraNode_scaleIn,CassandraNode
Thu Feb 20 13:56:45 UTC 2014,49.6281,9,CassandraNode_scaleIn,CassandraNode
Thu Feb 20 13:56:53 UTC 2014,49.2032,9,CassandraNode_scaleIn,CassandraNode
Thu Feb 20 13:57:00 UTC 2014,49.2032,9,CassandraNode_scaleIn,CassandraNode
Thu Feb 20 13:57:07 UTC 2014,50.8754,9,CassandraNode_scaleIn,CassandraNode
Thu Feb 20 13:57:15 UTC 2014,52.3674,9,CassandraNode_scaleIn,CassandraNode
Thu Feb 20 13:57:22 UTC 2014,51.4453,9,CassandraNode_scaleIn,CassandraNode
Thu Feb 20 13:57:30 UTC 2014,48.1361,9,CassandraNode_scaleIn,CassandraNode
Thu Feb 20 13:57:37 UTC 2014,49.9676,9,CassandraNode_scaleIn,CassandraNode
Thu Feb 20 13:57:44 UTC 2014,51.0724,9,CassandraNode_scaleIn,CassandraNode
Thu Feb 20 13:57:52 UTC 2014,51.4168,9,CassandraNode_scaleIn,CassandraNode
Thu Feb 20 13:57:59 UTC 2014,53.3064,9,CassandraNode_scaleIn,CassandraNode
Thu Feb 20 13:58:07 UTC 2014,52.2356,9,CassandraNode_scaleIn,CassandraNode
Thu Feb 20 13:58:14 UTC 2014,50.2392,9,CassandraNode_scaleIn,CassandraNode
Thu Feb 20 13:58:22 UTC 2014,45.2854,8,,
Thu Feb 20 13:58:28 UTC 2014,45.1999,8,,
Thu Feb 20 13:58:33 UTC 2014,45.1999,8,,
Thu Feb 20 13:58:38 UTC 2014,48.3866,8,,
Thu Feb 20 13:58:44 UTC 2014,48.3866,8,,
Thu Feb 20 13:58:49 UTC 2014,50.0389,8,,
Thu Feb 20 13:58:55 UTC 2014,50.0389,8,,
Thu Feb 20 13:59:00 UTC 2014,49.1463,8,,
Thu Feb 20 13:59:05 UTC 2014,49.1463,8,,
Thu Feb 20 13:59:11 UTC 2014,50.2545,8,,
Thu Feb 20 13:59:16 UTC 2014,50.2117,8,,
Thu Feb 20 13:59:21 UTC 2014,50.2117,8,,
Thu Feb 20 13:59:27 UTC 2014,48.0855,8,,
Thu Feb 20 13:59:33 UTC 2014,48.0855,8,,
Thu Feb 20 13:59:38 UTC 2014,53.1975,8,,
Thu Feb 20 13:59:44 UTC 2014,53.1975,8,,
Thu Feb 20 13:59:50 UTC 2014,52.359,8,,
Thu Feb 20 13:59:56 UTC 2014,53.5766,8,,
Thu Feb 20 14:00:02 UTC 2014,53.5766,8,,
Thu Feb 20 14:00:07 UTC 2014,55.2214,8,,
Thu Feb 20 14:00:13 UTC 2014,55.2214,8,,
Thu Feb 20 14:00:18 UTC 2014,53.175,8,,
Thu Feb 20 14:00:23 UTC 2014,53.175,8,,
Thu Feb 20 14:00:29 UTC 2014,53.8296,8,,
Thu Feb 20 14:00:35 UTC 2014,53.8296,8,,
Thu Feb 20 14:00:40 UTC 2014,52.1234,8,,
Thu Feb 20 14:00:45 UTC 2014,52.1234,8,,
Thu Feb 20 14:00:51 UTC 2014,52.1234,8,,
Thu Feb 20 14:00:56 UTC 2014,52.7748,8,,
Thu Feb 20 14:01:01 UTC 2014,53.9262,8,,
Thu Feb 20 14:01:07 UTC 2014,53.9262,8,,
Thu Feb 20 14:01:12 UTC 2014,54.7144,8,,
Thu Feb 20 14:01:17 UTC 2014,54.1807,8,,
Thu Feb 20 14:01:23 UTC 2014,54.1807,8,CassandraNode_scaleIn,CassandraNode
Thu Feb 20 14:01:30 UTC 2014,51.8079,8,CassandraNode_scaleIn,CassandraNode
Thu Feb 20 14:01:37 UTC 2014,55.8399,8,CassandraNode_scaleIn,CassandraNode
Thu Feb 20 14:01:44 UTC 2014,55.2688,8,CassandraNode_scaleIn,CassandraNode
Thu Feb 20 14:01:52 UTC 2014,55.2688,8,CassandraNode_scaleIn,CassandraNode
Thu Feb 20 14:02:00 UTC 2014,56.6833,8,CassandraNode_scaleIn,CassandraNode
Thu Feb 20 14:02:07 UTC 2014,54.0709,8,CassandraNode_scaleIn,CassandraNode
Thu Feb 20 14:02:16 UTC 2014,56.0953,8,CassandraNode_scaleIn,CassandraNode
Thu Feb 20 14:02:23 UTC 2014,57.1731,8,CassandraNode_scaleIn,CassandraNode
Thu Feb 20 14:02:31 UTC 2014,56.0421,8,CassandraNode_scaleIn,CassandraNode
Thu Feb 20 14:02:38 UTC 2014,50.4037,8,CassandraNode_scaleIn,CassandraNode
Thu Feb 20 14:02:45 UTC 2014,50.4037,8,CassandraNode_scaleIn,CassandraNode
Thu Feb 20 14:02:53 UTC 2014,47.0723,8,CassandraNode_scaleIn,CassandraNode
Thu Feb 20 14:03:00 UTC 2014,45.5262,8,CassandraNode_scaleIn,CassandraNode
Thu Feb 20 14:03:07 UTC 2014,53.5485,8,CassandraNode_scaleIn,CassandraNode
Thu Feb 20 14:03:15 UTC 2014,56.2232,8,CassandraNode_scaleIn,CassandraNode
Thu Feb 20 14:03:23 UTC 2014,53.8393,8,CassandraNode_scaleIn,CassandraNode
Thu Feb 20 14:03:30 UTC 2014,50.9594,8,CassandraNode_scaleIn,CassandraNode
Thu Feb 20 14:03:38 UTC 2014,48.251,8,CassandraNode_scaleIn,CassandraNode
Thu Feb 20 14:03:45 UTC 2014,48.2971,8,CassandraNode_scaleIn,CassandraNode
Thu Feb 20 14:03:53 UTC 2014,49.4653,8,CassandraNode_scaleIn,CassandraNode
Thu Feb 20 14:04:01 UTC 2014,48.9826,8,CassandraNode_scaleIn,CassandraNode
Thu Feb 20 14:04:08 UTC 2014,47.1054,8,CassandraNode_scaleIn,CassandraNode
Thu Feb 20 14:04:16 UTC 2014,48.5272,8,CassandraNode_scaleIn,CassandraNode
Thu Feb 20 14:04:23 UTC 2014,47.6978,8,CassandraNode_scaleIn,CassandraNode
Thu Feb 20 14:04:31 UTC 2014,47.6632,8,CassandraNode_scaleIn,CassandraNode
Thu Feb 20 14:04:38 UTC 2014,47.9119,8,CassandraNode_scaleIn,CassandraNode
Thu Feb 20 14:04:46 UTC 2014,47.7351,8,CassandraNode_scaleIn,CassandraNode
Thu Feb 20 14:04:53 UTC 2014,46.8774,8,CassandraNode_scaleIn,CassandraNode
Thu Feb 20 14:05:00 UTC 2014,47.807,8,CassandraNode_scaleIn,CassandraNode
Thu Feb 20 14:05:08 UTC 2014,48.0993,8,CassandraNode_scaleIn,CassandraNode
Thu Feb 20 14:05:15 UTC 2014,51.3309,8,CassandraNode_scaleIn,CassandraNode
Thu Feb 20 14:05:23 UTC 2014,50.6974,8,CassandraNode_scaleIn,CassandraNode
Thu Feb 20 14:05:30 UTC 2014,51.1417,8,CassandraNode_scaleIn,CassandraNode
Thu Feb 20 14:05:37 UTC 2014,47.2764,8,CassandraNode_scaleIn,CassandraNode
Thu Feb 20 14:05:45 UTC 2014,46.0493,8,CassandraNode_scaleIn,CassandraNode
Thu Feb 20 14:05:52 UTC 2014,46.976,7,,
Thu Feb 20 14:05:58 UTC 2014,48.6931,7,,
Thu Feb 20 14:06:04 UTC 2014,46.4847,7,,
Thu Feb 20 14:06:09 UTC 2014,46.3645,7,,
Thu Feb 20 14:06:15 UTC 2014,46.3645,7,,
Thu Feb 20 14:06:20 UTC 2014,47.4606,7,,
Thu Feb 20 14:06:25 UTC 2014,46.1523,7,,
Thu Feb 20 14:06:31 UTC 2014,43.4344,7,,
Thu Feb 20 14:06:37 UTC 2014,46.1216,7,,
Thu Feb 20 14:06:42 UTC 2014,46.8157,7,,
Thu Feb 20 14:06:47 UTC 2014,47.4049,7,,
Thu Feb 20 14:06:53 UTC 2014,47.9925,7,,
Thu Feb 20 14:06:58 UTC 2014,47.9925,7,,
Thu Feb 20 14:07:03 UTC 2014,47.4283,7,,
Thu Feb 20 14:07:09 UTC 2014,51.1648,7,,
Thu Feb 20 14:07:14 UTC 2014,51.0151,7,,
Thu Feb 20 14:07:20 UTC 2014,51.0151,7,,
Thu Feb 20 14:07:25 UTC 2014,51.2334,7,,
Thu Feb 20 14:07:31 UTC 2014,52.8878,7,,
Thu Feb 20 14:07:36 UTC 2014,51.3544,7,,
Thu Feb 20 14:07:42 UTC 2014,51.3544,7,,
Thu Feb 20 14:07:47 UTC 2014,49.9841,7,,
Thu Feb 20 14:07:53 UTC 2014,49.9841,7,,
Thu Feb 20 14:07:58 UTC 2014,50.9841,7,,
Thu Feb 20 14:08:04 UTC 2014,51.5344,7,,
Thu Feb 20 14:08:09 UTC 2014,51.5344,7,,
Thu Feb 20 14:08:14 UTC 2014,49.8774,7,CassandraNode_scaleOut,CassandraNode
Thu Feb 20 14:08:22 UTC 2014,49.5044,7,CassandraNode_scaleOut,CassandraNode
Thu Feb 20 14:08:29 UTC 2014,49.3735,7,CassandraNode_scaleOut,CassandraNode
Thu Feb 20 14:08:37 UTC 2014,49.0933,7,CassandraNode_scaleOut,CassandraNode
Thu Feb 20 14:08:44 UTC 2014,49.95,7,CassandraNode_scaleOut,CassandraNode
Thu Feb 20 14:08:52 UTC 2014,49.9078,7,CassandraNode_scaleOut,CassandraNode
Thu Feb 20 14:08:59 UTC 2014,51.3871,7,CassandraNode_scaleOut,CassandraNode
Thu Feb 20 14:09:07 UTC 2014,50.9833,7,,
Thu Feb 20 14:09:12 UTC 2014,46.4601,8,,
Thu Feb 20 14:09:18 UTC 2014,46.4601,8,,
Thu Feb 20 14:09:23 UTC 2014,49.8745,8,,
Thu Feb 20 14:09:29 UTC 2014,42.3461,8,,
Thu Feb 20 14:09:34 UTC 2014,42.3461,8,,
Thu Feb 20 14:09:40 UTC 2014,40.0158,8,,
Thu Feb 20 14:09:45 UTC 2014,49.6276,8,,
Thu Feb 20 14:09:50 UTC 2014,49.7254,8,,
Thu Feb 20 14:09:56 UTC 2014,48.951,8,,
Thu Feb 20 14:10:01 UTC 2014,49.5448,8,,
Thu Feb 20 14:10:07 UTC 2014,50.0125,8,,
Thu Feb 20 14:10:12 UTC 2014,50.0125,8,,
Thu Feb 20 14:10:18 UTC 2014,49.2344,8,,
Thu Feb 20 14:10:23 UTC 2014,49.2344,8,,
Thu Feb 20 14:10:29 UTC 2014,49.2344,8,,
Thu Feb 20 14:10:35 UTC 2014,100,8,,
Thu Feb 20 14:10:40 UTC 2014,100,8,,
Thu Feb 20 14:10:45 UTC 2014,54.7527,8,,
Thu Feb 20 14:10:51 UTC 2014,54.7527,8,,
Thu Feb 20 14:10:56 UTC 2014,56.7659,8,,
Thu Feb 20 14:11:01 UTC 2014,56.7659,8,,
Thu Feb 20 14:11:07 UTC 2014,54.5451,8,,
Thu Feb 20 14:11:12 UTC 2014,54.5451,8,,
Thu Feb 20 14:11:18 UTC 2014,54.5451,8,,
Thu Feb 20 14:11:24 UTC 2014,54.2239,8,,
Thu Feb 20 14:11:29 UTC 2014,48.4773,8,,
Thu Feb 20 14:11:34 UTC 2014,48.4773,8,,
Thu Feb 20 14:11:39 UTC 2014,48.9761,8,,
Thu Feb 20 14:11:45 UTC 2014,52.673,8,,
Thu Feb 20 14:11:51 UTC 2014,52.673,8,,
Thu Feb 20 14:11:57 UTC 2014,52.673,8,,
Thu Feb 20 14:12:02 UTC 2014,52.673,8,,
Thu Feb 20 14:12:07 UTC 2014,52.3234,8,,
Thu Feb 20 14:12:13 UTC 2014,52.3234,8,,
Thu Feb 20 14:12:19 UTC 2014,54.2351,8,,
Thu Feb 20 14:12:24 UTC 2014,53.9209,8,,
Thu Feb 20 14:12:30 UTC 2014,53.9209,8,,
Thu Feb 20 14:12:35 UTC 2014,53.9209,8,,
Thu Feb 20 14:12:41 UTC 2014,39.6371,8,,
Thu Feb 20 14:12:46 UTC 2014,39.6371,8,,
Thu Feb 20 14:12:51 UTC 2014,31.6264,8,,
Thu Feb 20 14:12:57 UTC 2014,31.6264,8,,
Thu Feb 20 14:13:02 UTC 2014,38.0393,8,,
Thu Feb 20 14:13:07 UTC 2014,38.0393,8,,
Thu Feb 20 14:13:13 UTC 2014,38.7843,8,,
Thu Feb 20 14:13:18 UTC 2014,38.8006,8,,
Thu Feb 20 14:13:24 UTC 2014,39.2031,8,,
Thu Feb 20 14:13:29 UTC 2014,39.2031,8,,
Thu Feb 20 14:13:35 UTC 2014,47.4088,8,,
Thu Feb 20 14:13:40 UTC 2014,47.4088,8,,
Thu Feb 20 14:13:46 UTC 2014,47.4088,8,,
Thu Feb 20 14:13:51 UTC 2014,47.4088,8,,
Thu Feb 20 14:13:57 UTC 2014,48.2127,8,,
Thu Feb 20 14:14:02 UTC 2014,48.2127,8,,
Thu Feb 20 14:14:08 UTC 2014,48.6934,8,,
Thu Feb 20 14:14:13 UTC 2014,47.0968,8,,
Thu Feb 20 14:14:19 UTC 2014,47.0968,8,,
Thu Feb 20 14:14:24 UTC 2014,47.0968,8,,
Thu Feb 20 14:14:30 UTC 2014,45.0709,8,,
Thu Feb 20 14:14:36 UTC 2014,45.0709,8,,
Thu Feb 20 14:14:41 UTC 2014,47.1715,8,,
Thu Feb 20 14:14:47 UTC 2014,47.1715,8,,
Thu Feb 20 14:14:52 UTC 2014,48.6717,8,,
Thu Feb 20 14:14:57 UTC 2014,48.6717,8,,
Thu Feb 20 14:15:04 UTC 2014,48.6717,8,,
Thu Feb 20 14:15:09 UTC 2014,49.1316,8,,
Thu Feb 20 14:15:15 UTC 2014,48.0731,8,,
Thu Feb 20 14:15:21 UTC 2014,48.0731,8,,
Thu Feb 20 14:15:26 UTC 2014,53.1767,8,,
Thu Feb 20 14:15:32 UTC 2014,53.1767,8,,
Thu Feb 20 14:15:37 UTC 2014,53.1767,8,,
Thu Feb 20 14:15:43 UTC 2014,50.1014,8,AppServer_scaleOut,AppServer
Thu Feb 20 14:15:50 UTC 2014,51.4283,8,AppServer_scaleOut,AppServer
Thu Feb 20 14:15:57 UTC 2014,51.5625,8,AppServer_scaleOut,AppServer
Thu Feb 20 14:16:05 UTC 2014,54.3145,8,AppServer_scaleOut,AppServer
Thu Feb 20 14:16:12 UTC 2014,53.716,8,AppServer_scaleOut,AppServer
Thu Feb 20 14:16:20 UTC 2014,51.9634,8,AppServer_scaleOut,AppServer
Thu Feb 20 14:16:27 UTC 2014,51.9418,8,AppServer_scaleOut,AppServer
Thu Feb 20 14:16:35 UTC 2014,51.9886,8,,
Thu Feb 20 14:16:42 UTC 2014,51.6739,9,,
Thu Feb 20 14:16:48 UTC 2014,44.9918,9,,
Thu Feb 20 14:16:56 UTC 2014,44.9918,9,,
Thu Feb 20 14:17:03 UTC 2014,46.7926,9,,
Thu Feb 20 14:17:08 UTC 2014,46.7926,9,,
Thu Feb 20 14:17:13 UTC 2014,53.0092,9,,
Thu Feb 20 14:17:18 UTC 2014,53.0092,9,,
Thu Feb 20 14:17:24 UTC 2014,53.8894,9,,
Thu Feb 20 14:17:29 UTC 2014,51.8236,9,,
Thu Feb 20 14:17:35 UTC 2014,51.8236,9,,
Thu Feb 20 14:17:41 UTC 2014,51.0473,9,,
Thu Feb 20 14:17:46 UTC 2014,51.0473,9,,
Thu Feb 20 14:17:52 UTC 2014,51.0473,9,,
Thu Feb 20 14:17:57 UTC 2014,51.1906,9,,
Thu Feb 20 14:18:03 UTC 2014,51.1906,9,,
Thu Feb 20 14:18:09 UTC 2014,56.4286,9,,
Thu Feb 20 14:18:14 UTC 2014,56.4286,9,,
Thu Feb 20 14:18:19 UTC 2014,55.2555,9,,
Thu Feb 20 14:18:25 UTC 2014,54.7696,9,,
Thu Feb 20 14:18:30 UTC 2014,53.0878,9,CassandraNode_scaleOut,CassandraNode
Thu Feb 20 14:18:37 UTC 2014,54.2584,9,CassandraNode_scaleOut,CassandraNode
Thu Feb 20 14:18:45 UTC 2014,54.2584,9,CassandraNode_scaleOut,CassandraNode
Thu Feb 20 14:18:53 UTC 2014,48.4231,9,CassandraNode_scaleOut,CassandraNode
Thu Feb 20 14:19:01 UTC 2014,49.659,9,CassandraNode_scaleOut,CassandraNode
Thu Feb 20 14:19:08 UTC 2014,51.4035,9,CassandraNode_scaleOut,CassandraNode
Thu Feb 20 14:19:15 UTC 2014,50.8424,9,,
Thu Feb 20 14:19:21 UTC 2014,50.8424,9,,
Thu Feb 20 14:19:27 UTC 2014,52.7196,10,,
Thu Feb 20 14:19:32 UTC 2014,52.7196,10,,
Thu Feb 20 14:19:38 UTC 2014,52.7196,10,,
Thu Feb 20 14:19:44 UTC 2014,52.7196,10,,
Thu Feb 20 14:19:49 UTC 2014,52.7196,10,,
Thu Feb 20 14:19:54 UTC 2014,52.3773,10,,
Thu Feb 20 14:19:59 UTC 2014,49.0249,10,,
Thu Feb 20 14:20:05 UTC 2014,49.0249,10,,
Thu Feb 20 14:20:10 UTC 2014,49.0249,10,,
Thu Feb 20 14:20:16 UTC 2014,52.2552,10,,
Thu Feb 20 14:20:22 UTC 2014,52.2552,10,,
Thu Feb 20 14:20:28 UTC 2014,52.2552,10,,
Thu Feb 20 14:20:34 UTC 2014,52.2552,10,,
Thu Feb 20 14:20:39 UTC 2014,52.313,10,,
Thu Feb 20 14:20:44 UTC 2014,51.9975,10,,
Thu Feb 20 14:20:50 UTC 2014,51.9975,10,,
Thu Feb 20 14:20:56 UTC 2014,51.9975,10,,
Thu Feb 20 14:21:01 UTC 2014,52.0261,10,,
Thu Feb 20 14:21:06 UTC 2014,52.0261,10,,
Thu Feb 20 14:21:12 UTC 2014,52.0261,10,,
Thu Feb 20 14:21:17 UTC 2014,52.0261,10,,
Thu Feb 20 14:21:23 UTC 2014,52.9636,10,,
Thu Feb 20 14:21:28 UTC 2014,52.9636,10,,
Thu Feb 20 14:21:33 UTC 2014,52.6323,10,,
Thu Feb 20 14:21:41 UTC 2014,52.6323,10,,
Thu Feb 20 14:21:46 UTC 2014,52.2433,10,,
Thu Feb 20 14:21:52 UTC 2014,52.2433,10,,
Thu Feb 20 14:21:57 UTC 2014,52.2433,10,,
Thu Feb 20 14:22:03 UTC 2014,52.2433,10,,
Thu Feb 20 14:22:09 UTC 2014,52.2433,10,,
Thu Feb 20 14:22:15 UTC 2014,54.4366,10,,
Thu Feb 20 14:22:20 UTC 2014,54.4366,10,,
Thu Feb 20 14:22:26 UTC 2014,54.4366,10,,
Thu Feb 20 14:22:31 UTC 2014,54.4366,10,,
Thu Feb 20 14:22:37 UTC 2014,54.4366,10,,
Thu Feb 20 14:22:42 UTC 2014,44.9751,10,,
Thu Feb 20 14:22:48 UTC 2014,44.9751,10,,
Thu Feb 20 14:22:54 UTC 2014,46.439,10,,
Thu Feb 20 14:22:59 UTC 2014,45.9522,10,,
Thu Feb 20 14:23:04 UTC 2014,45.9522,10,,
Thu Feb 20 14:23:10 UTC 2014,45.9522,10,,
Thu Feb 20 14:23:15 UTC 2014,38.6407,10,,
Thu Feb 20 14:23:20 UTC 2014,49.0333,10,,
Thu Feb 20 14:23:25 UTC 2014,49.0333,10,,
Thu Feb 20 14:23:31 UTC 2014,50.2891,10,,
Thu Feb 20 14:23:36 UTC 2014,47.5182,10,,
Thu Feb 20 14:23:42 UTC 2014,41.5558,10,,
Thu Feb 20 14:23:47 UTC 2014,41.5558,10,,
Thu Feb 20 14:23:53 UTC 2014,46.1714,10,,
Thu Feb 20 14:23:58 UTC 2014,46.1714,10,,
Thu Feb 20 14:24:04 UTC 2014,46.1714,10,,
Thu Feb 20 14:24:10 UTC 2014,46.1714,10,,
Thu Feb 20 14:24:16 UTC 2014,46.1714,10,,
Thu Feb 20 14:24:21 UTC 2014,49.5523,10,,
Thu Feb 20 14:24:26 UTC 2014,49.5523,10,,
Thu Feb 20 14:24:32 UTC 2014,49.5523,10,,
Thu Feb 20 14:24:37 UTC 2014,49.5523,10,,
Thu Feb 20 14:24:43 UTC 2014,52.1187,10,,
Thu Feb 20 14:24:48 UTC 2014,52.1187,10,,
Thu Feb 20 14:24:53 UTC 2014,52.1187,10,,
Thu Feb 20 14:24:59 UTC 2014,52.3553,10,,
Thu Feb 20 14:25:04 UTC 2014,52.3553,10,,
Thu Feb 20 14:25:10 UTC 2014,52.3553,10,,
Thu Feb 20 14:25:15 UTC 2014,50.0439,10,,
Thu Feb 20 14:25:21 UTC 2014,52.1769,10,,
Thu Feb 20 14:25:26 UTC 2014,52.1769,10,,
Thu Feb 20 14:25:32 UTC 2014,52.1769,10,,
Thu Feb 20 14:25:38 UTC 2014,52.1769,10,,
Thu Feb 20 14:25:43 UTC 2014,53.6173,10,,
Thu Feb 20 14:25:49 UTC 2014,53.6173,10,,
Thu Feb 20 14:25:54 UTC 2014,53.6173,10,,
Thu Feb 20 14:26:01 UTC 2014,53.6173,10,,
Thu Feb 20 14:26:06 UTC 2014,48.3365,10,,
Thu Feb 20 14:26:12 UTC 2014,48.3365,10,CassandraNode_scaleOut,CassandraNode
Thu Feb 20 14:26:19 UTC 2014,47.1282,10,CassandraNode_scaleOut,CassandraNode
Thu Feb 20 14:26:28 UTC 2014,47.1282,10,CassandraNode_scaleOut,CassandraNode
Thu Feb 20 14:26:35 UTC 2014,44.7058,10,CassandraNode_scaleOut,CassandraNode
Thu Feb 20 14:26:43 UTC 2014,44.7058,10,CassandraNode_scaleOut,CassandraNode
Thu Feb 20 14:26:52 UTC 2014,51.2014,10,CassandraNode_scaleOut,CassandraNode
Thu Feb 20 14:26:59 UTC 2014,51.2014,10,,
Thu Feb 20 14:27:06 UTC 2014,54.0854,11,,
Thu Feb 20 14:27:12 UTC 2014,54.0854,11,,
Thu Feb 20 14:27:18 UTC 2014,54.0854,11,,
Thu Feb 20 14:27:23 UTC 2014,48.839,11,,
Thu Feb 20 14:27:29 UTC 2014,48.839,11,,
Thu Feb 20 14:27:37 UTC 2014,48.839,11,,
Thu Feb 20 14:27:44 UTC 2014,51.3348,11,,
Thu Feb 20 14:27:49 UTC 2014,51.3348,11,,
Thu Feb 20 14:27:55 UTC 2014,51.3348,11,,
Thu Feb 20 14:28:01 UTC 2014,51.3348,11,,
Thu Feb 20 14:28:06 UTC 2014,51.3348,11,,
Thu Feb 20 14:28:12 UTC 2014,51.3348,11,,
Thu Feb 20 14:28:17 UTC 2014,51.3348,11,,
Thu Feb 20 14:28:24 UTC 2014,51.3348,11,,
Thu Feb 20 14:28:29 UTC 2014,50.6892,11,,
Thu Feb 20 14:28:34 UTC 2014,50.6892,11,,
Thu Feb 20 14:28:40 UTC 2014,50.6892,11,,
Thu Feb 20 14:28:45 UTC 2014,52.6494,11,,
Thu Feb 20 14:28:51 UTC 2014,52.6494,11,,
Thu Feb 20 14:28:57 UTC 2014,52.6494,11,,
Thu Feb 20 14:29:02 UTC 2014,52.6494,11,,
Thu Feb 20 14:29:08 UTC 2014,52.6494,11,,
Thu Feb 20 14:29:15 UTC 2014,51.7088,11,,
Thu Feb 20 14:29:21 UTC 2014,51.7088,11,,
Thu Feb 20 14:29:28 UTC 2014,51.7088,11,,
Thu Feb 20 14:29:33 UTC 2014,51.7088,11,,
Thu Feb 20 14:29:39 UTC 2014,51.7088,11,,
Thu Feb 20 14:29:45 UTC 2014,54.2723,11,,
Thu Feb 20 14:29:50 UTC 2014,54.2723,11,,
Thu Feb 20 14:29:55 UTC 2014,54.2723,11,,
Thu Feb 20 14:30:01 UTC 2014,49.2009,11,,
Thu Feb 20 14:30:07 UTC 2014,49.2009,11,,
Thu Feb 20 14:30:12 UTC 2014,51.4251,11,,
Thu Feb 20 14:30:18 UTC 2014,51.4251,11,,
Thu Feb 20 14:30:24 UTC 2014,51.4251,11,,
Thu Feb 20 14:30:29 UTC 2014,51.4251,11,,
Thu Feb 20 14:30:35 UTC 2014,51.4251,11,,
Thu Feb 20 14:30:40 UTC 2014,49.4066,11,,
Thu Feb 20 14:30:46 UTC 2014,50.6748,11,,
Thu Feb 20 14:30:51 UTC 2014,50.6748,11,,
Thu Feb 20 14:30:57 UTC 2014,50.6748,11,,
Thu Feb 20 14:31:02 UTC 2014,50.6748,11,,
Thu Feb 20 14:31:08 UTC 2014,52.3961,11,,
Thu Feb 20 14:31:13 UTC 2014,52.3961,11,,
Thu Feb 20 14:31:19 UTC 2014,52.3961,11,,
Thu Feb 20 14:31:25 UTC 2014,49.0281,11,,
Thu Feb 20 14:31:30 UTC 2014,49.0281,11,,
Thu Feb 20 14:31:36 UTC 2014,49.0281,11,,
Thu Feb 20 14:31:41 UTC 2014,52.2948,11,,
Thu Feb 20 14:31:46 UTC 2014,52.2948,11,,
Thu Feb 20 14:31:52 UTC 2014,52.2948,11,,
Thu Feb 20 14:31:57 UTC 2014,52.2948,11,,
Thu Feb 20 14:32:03 UTC 2014,52.2948,11,,
Thu Feb 20 14:32:09 UTC 2014,51.0174,11,,
Thu Feb 20 14:32:14 UTC 2014,51.0174,11,,
Thu Feb 20 14:32:19 UTC 2014,52.7124,11,,
Thu Feb 20 14:32:25 UTC 2014,52.7124,11,,
Thu Feb 20 14:32:31 UTC 2014,48.0708,11,,
Thu Feb 20 14:32:36 UTC 2014,48.0708,11,,
Thu Feb 20 14:32:41 UTC 2014,48.0708,11,,
Thu Feb 20 14:32:47 UTC 2014,48.0708,11,,
Thu Feb 20 14:32:52 UTC 2014,50.9617,11,,
Thu Feb 20 14:32:58 UTC 2014,49.3501,11,,
Thu Feb 20 14:33:03 UTC 2014,49.3501,11,,
Thu Feb 20 14:33:09 UTC 2014,49.3501,11,,
Thu Feb 20 14:33:14 UTC 2014,49.3501,11,,
Thu Feb 20 14:33:20 UTC 2014,49.3501,11,,
Thu Feb 20 14:33:25 UTC 2014,50.295,11,,
Thu Feb 20 14:33:31 UTC 2014,50.295,11,,
Thu Feb 20 14:33:36 UTC 2014,50.295,11,,
Thu Feb 20 14:33:42 UTC 2014,47.0549,11,,
Thu Feb 20 14:33:47 UTC 2014,47.0549,11,,
Thu Feb 20 14:33:53 UTC 2014,50.057,11,,
Thu Feb 20 14:33:59 UTC 2014,50.057,11,,
Thu Feb 20 14:34:04 UTC 2014,50.057,11,,
Thu Feb 20 14:34:10 UTC 2014,50.057,11,,
Thu Feb 20 14:34:15 UTC 2014,48.8154,11,,
Thu Feb 20 14:34:20 UTC 2014,48.8154,11,,
Thu Feb 20 14:34:25 UTC 2014,47.2897,11,,
Thu Feb 20 14:34:31 UTC 2014,47.2897,11,,
Thu Feb 20 14:34:36 UTC 2014,48.0936,11,CassandraNode_scaleOut,CassandraNode
Thu Feb 20 14:34:44 UTC 2014,48.0936,11,CassandraNode_scaleOut,CassandraNode
Thu Feb 20 14:34:51 UTC 2014,49.08,11,CassandraNode_scaleOut,CassandraNode
Thu Feb 20 14:34:59 UTC 2014,49.08,11,CassandraNode_scaleOut,CassandraNode
Thu Feb 20 14:35:08 UTC 2014,49.4956,11,CassandraNode_scaleOut,CassandraNode
Thu Feb 20 14:35:15 UTC 2014,49.6077,11,CassandraNode_scaleOut,CassandraNode
Thu Feb 20 14:35:22 UTC 2014,49.6077,11,CassandraNode_scaleOut,CassandraNode
Thu Feb 20 14:35:30 UTC 2014,46.3097,11,,
Thu Feb 20 14:35:36 UTC 2014,51.2588,12,,
Thu Feb 20 14:35:41 UTC 2014,51.2588,12,,
Thu Feb 20 14:35:47 UTC 2014,51.2588,12,,
Thu Feb 20 14:35:52 UTC 2014,51.2588,12,,
Thu Feb 20 14:35:57 UTC 2014,49.3398,12,,
Thu Feb 20 14:36:03 UTC 2014,49.3398,12,,
Thu Feb 20 14:36:08 UTC 2014,49.3398,12,,
Thu Feb 20 14:36:14 UTC 2014,49.3398,12,,
Thu Feb 20 14:36:19 UTC 2014,49.3398,12,,
Thu Feb 20 14:36:25 UTC 2014,52.4277,12,,
Thu Feb 20 14:36:30 UTC 2014,52.4277,12,,
Thu Feb 20 14:36:35 UTC 2014,52.4277,12,,
Thu Feb 20 14:36:41 UTC 2014,49.264,12,,
Thu Feb 20 14:36:46 UTC 2014,49.264,12,,
Thu Feb 20 14:36:52 UTC 2014,49.264,12,,
Thu Feb 20 14:36:57 UTC 2014,49.264,12,,
Thu Feb 20 14:37:03 UTC 2014,50.984,12,,
Thu Feb 20 14:37:08 UTC 2014,49.9737,12,,
Thu Feb 20 14:37:13 UTC 2014,48.7054,12,,
Thu Feb 20 14:37:18 UTC 2014,48.7054,12,,
Thu Feb 20 14:37:24 UTC 2014,48.7054,12,,
Thu Feb 20 14:37:30 UTC 2014,52.4506,12,,
Thu Feb 20 14:37:36 UTC 2014,52.4506,12,,
Thu Feb 20 14:37:41 UTC 2014,52.4506,12,,
Thu Feb 20 14:37:47 UTC 2014,52.4506,12,,
Thu Feb 20 14:37:52 UTC 2014,49.6367,12,,
Thu Feb 20 14:37:58 UTC 2014,49.6367,12,,
Thu Feb 20 14:38:03 UTC 2014,49.6367,12,,
Thu Feb 20 14:38:09 UTC 2014,49.0743,12,,
Thu Feb 20 14:38:14 UTC 2014,49.0743,12,,
Thu Feb 20 14:38:19 UTC 2014,48.2345,12,,
Thu Feb 20 14:38:25 UTC 2014,48.2345,12,,
Thu Feb 20 14:38:30 UTC 2014,50.9425,12,,
Thu Feb 20 14:38:36 UTC 2014,50.9425,12,,
Thu Feb 20 14:38:41 UTC 2014,50.9425,12,,
Thu Feb 20 14:38:46 UTC 2014,50.4435,12,,
Thu Feb 20 14:38:52 UTC 2014,48.3793,12,,
Thu Feb 20 14:38:57 UTC 2014,48.3793,12,,
Thu Feb 20 14:39:02 UTC 2014,45.1014,12,,
Thu Feb 20 14:39:07 UTC 2014,45.1014,12,,
Thu Feb 20 14:39:13 UTC 2014,45.1014,12,,
Thu Feb 20 14:39:18 UTC 2014,46.8844,12,,
Thu Feb 20 14:39:24 UTC 2014,46.8844,12,,
Thu Feb 20 14:39:30 UTC 2014,45.9524,12,,
Thu Feb 20 14:39:35 UTC 2014,46.0215,12,,
Thu Feb 20 14:39:40 UTC 2014,46.0215,12,,
Thu Feb 20 14:39:46 UTC 2014,45.8276,12,,
Thu Feb 20 14:39:52 UTC 2014,47.3556,12,,
Thu Feb 20 14:39:57 UTC 2014,47.3556,12,,
Thu Feb 20 14:40:02 UTC 2014,46.7599,12,,
Thu Feb 20 14:40:08 UTC 2014,46.7599,12,,
Thu Feb 20 14:40:13 UTC 2014,42.9759,12,,
Thu Feb 20 14:40:18 UTC 2014,42.9759,12,,
Thu Feb 20 14:40:24 UTC 2014,42.9759,12,,
Thu Feb 20 14:40:29 UTC 2014,42.9759,12,,
Thu Feb 20 14:40:34 UTC 2014,27.0945,12,,
Thu Feb 20 14:40:39 UTC 2014,22.1119,12,,
Thu Feb 20 14:40:45 UTC 2014,34.1926,12,,
Thu Feb 20 14:40:50 UTC 2014,34.1926,12,,
Thu Feb 20 14:40:55 UTC 2014,43.9682,12,,
Thu Feb 20 14:41:00 UTC 2014,46.7678,12,,
Thu Feb 20 14:41:06 UTC 2014,46.7678,12,,
Thu Feb 20 14:41:11 UTC 2014,45.7518,12,,
Thu Feb 20 14:41:16 UTC 2014,46.6583,12,,
Thu Feb 20 14:41:21 UTC 2014,46.6583,12,,
Thu Feb 20 14:41:27 UTC 2014,46.6583,12,,
Thu Feb 20 14:41:33 UTC 2014,47.8246,12,,
Thu Feb 20 14:41:38 UTC 2014,47.8246,12,,
Thu Feb 20 14:41:43 UTC 2014,48.0923,12,,
Thu Feb 20 14:41:48 UTC 2014,48.0923,12,,
Thu Feb 20 14:41:54 UTC 2014,48.0923,12,,
Thu Feb 20 14:41:59 UTC 2014,48.0923,12,,
Thu Feb 20 14:42:05 UTC 2014,49.586,12,,
Thu Feb 20 14:42:11 UTC 2014,49.586,12,,
Thu Feb 20 14:42:16 UTC 2014,49.586,12,,
Thu Feb 20 14:42:22 UTC 2014,49.6839,12,,
Thu Feb 20 14:42:27 UTC 2014,49.6839,12,,
Thu Feb 20 14:42:33 UTC 2014,49.6839,12,,
Thu Feb 20 14:42:39 UTC 2014,49.6839,12,,
Thu Feb 20 14:42:44 UTC 2014,51.1785,12,,
Thu Feb 20 14:42:50 UTC 2014,51.1785,12,,
Thu Feb 20 14:42:55 UTC 2014,51.1785,12,,
Thu Feb 20 14:43:01 UTC 2014,51.1785,12,,
Thu Feb 20 14:43:06 UTC 2014,51.1785,12,,
Thu Feb 20 14:43:12 UTC 2014,53.784,12,AppServer_scaleIn,AppServer
Thu Feb 20 14:43:19 UTC 2014,53.784,12,AppServer_scaleIn,AppServer
Thu Feb 20 14:43:27 UTC 2014,53.3332,12,AppServer_scaleIn,AppServer
Thu Feb 20 14:43:35 UTC 2014,53.3332,12,AppServer_scaleIn,AppServer
Thu Feb 20 14:43:42 UTC 2014,49.655,12,AppServer_scaleIn,AppServer
Thu Feb 20 14:43:50 UTC 2014,50.0448,12,AppServer_scaleIn,AppServer
Thu Feb 20 14:43:57 UTC 2014,50.845,12,AppServer_scaleIn,AppServer
Thu Feb 20 14:44:04 UTC 2014,49.9199,12,AppServer_scaleIn,AppServer
Thu Feb 20 14:44:12 UTC 2014,50.1609,12,AppServer_scaleIn,AppServer
Thu Feb 20 14:44:19 UTC 2014,50.1631,12,AppServer_scaleIn,AppServer
Thu Feb 20 14:44:26 UTC 2014,47.0974,12,AppServer_scaleIn,AppServer
Thu Feb 20 14:44:33 UTC 2014,47.781,12,AppServer_scaleIn,AppServer
Thu Feb 20 14:44:41 UTC 2014,47.781,12,AppServer_scaleIn,AppServer
Thu Feb 20 14:44:48 UTC 2014,49.5012,12,AppServer_scaleIn,AppServer
Thu Feb 20 14:44:56 UTC 2014,49.5012,12,AppServer_scaleIn,AppServer
Thu Feb 20 14:45:03 UTC 2014,48.8965,12,AppServer_scaleIn,AppServer
Thu Feb 20 14:45:11 UTC 2014,51.5399,12,AppServer_scaleIn,AppServer
Thu Feb 20 14:45:18 UTC 2014,53.0001,12,AppServer_scaleIn,AppServer
Thu Feb 20 14:45:26 UTC 2014,53.0001,12,AppServer_scaleIn,AppServer
Thu Feb 20 14:45:34 UTC 2014,53.2635,12,AppServer_scaleIn,AppServer
Thu Feb 20 14:45:41 UTC 2014,53.2635,12,,
Thu Feb 20 14:45:48 UTC 2014,57.6632,11,,
Thu Feb 20 14:45:54 UTC 2014,57.6632,11,,
Thu Feb 20 14:46:00 UTC 2014,56.0516,11,,
Thu Feb 20 14:46:05 UTC 2014,56.9924,11,,
Thu Feb 20 14:46:10 UTC 2014,56.9924,11,,
Thu Feb 20 14:46:16 UTC 2014,50.8598,11,,
Thu Feb 20 14:46:21 UTC 2014,50.8598,11,,
Thu Feb 20 14:46:27 UTC 2014,56.0804,11,,
Thu Feb 20 14:46:32 UTC 2014,56.0804,11,,
Thu Feb 20 14:46:38 UTC 2014,57.2663,11,,
Thu Feb 20 14:46:44 UTC 2014,57.2663,11,,
Thu Feb 20 14:46:49 UTC 2014,57.2663,11,,
Thu Feb 20 14:46:54 UTC 2014,57.2663,11,,
Thu Feb 20 14:47:00 UTC 2014,56.2412,11,,
Thu Feb 20 14:47:06 UTC 2014,56.2412,11,,
Thu Feb 20 14:47:11 UTC 2014,51.9118,11,,
Thu Feb 20 14:47:16 UTC 2014,51.9118,11,,
Thu Feb 20 14:47:22 UTC 2014,51.9118,11,,
Thu Feb 20 14:47:27 UTC 2014,50.1572,11,,
Thu Feb 20 14:47:32 UTC 2014,51.7474,11,,
Thu Feb 20 14:47:38 UTC 2014,49.3562,11,,
Thu Feb 20 14:47:43 UTC 2014,49.3562,11,,
Thu Feb 20 14:47:49 UTC 2014,49.5181,11,,
Thu Feb 20 14:47:54 UTC 2014,49.5181,11,,
Thu Feb 20 14:47:59 UTC 2014,45.957,11,,
Thu Feb 20 14:48:05 UTC 2014,45.957,11,,
Thu Feb 20 14:48:10 UTC 2014,43.2678,11,,
Thu Feb 20 14:48:15 UTC 2014,43.2678,11,,
Thu Feb 20 14:48:21 UTC 2014,43.2678,11,,
Thu Feb 20 14:48:26 UTC 2014,49.2578,11,,
Thu Feb 20 14:48:32 UTC 2014,49.2578,11,,
Thu Feb 20 14:48:37 UTC 2014,49.2578,11,,
Thu Feb 20 14:48:44 UTC 2014,49.2578,11,,
Thu Feb 20 14:48:49 UTC 2014,51.4909,11,,
Thu Feb 20 14:48:54 UTC 2014,51.4909,11,,
Thu Feb 20 14:49:00 UTC 2014,51.4909,11,,
Thu Feb 20 14:49:05 UTC 2014,51.4909,11,,
Thu Feb 20 14:49:11 UTC 2014,51.4909,11,,
Thu Feb 20 14:49:16 UTC 2014,54.1661,11,,
Thu Feb 20 14:49:22 UTC 2014,54.1661,11,,
Thu Feb 20 14:49:27 UTC 2014,54.1661,11,,
Thu Feb 20 14:49:33 UTC 2014,54.1661,11,,
Thu Feb 20 14:49:38 UTC 2014,45.475,11,,
Thu Feb 20 14:49:43 UTC 2014,45.475,11,,
Thu Feb 20 14:49:49 UTC 2014,45.475,11,,
Thu Feb 20 14:49:54 UTC 2014,45.475,11,,
Thu Feb 20 14:50:00 UTC 2014,54.5156,11,,
Thu Feb 20 14:50:05 UTC 2014,54.5156,11,,
Thu Feb 20 14:50:10 UTC 2014,54.5156,11,,
Thu Feb 20 14:50:16 UTC 2014,53.9525,11,,
Thu Feb 20 14:50:21 UTC 2014,53.9525,11,,
Thu Feb 20 14:50:27 UTC 2014,53.955,11,,
Thu Feb 20 14:50:32 UTC 2014,53.8037,11,,
Thu Feb 20 14:50:37 UTC 2014,53.8037,11,,
Thu Feb 20 14:50:43 UTC 2014,53.7246,11,,
Thu Feb 20 14:50:48 UTC 2014,53.7246,11,,
Thu Feb 20 14:50:54 UTC 2014,51.1557,11,,
Thu Feb 20 14:50:59 UTC 2014,51.2618,11,,
Thu Feb 20 14:51:04 UTC 2014,50.6868,11,,
Thu Feb 20 14:51:09 UTC 2014,52.3934,11,,
Thu Feb 20 14:51:14 UTC 2014,50.1517,11,,
Thu Feb 20 14:51:19 UTC 2014,44.2072,11,,
Thu Feb 20 14:51:25 UTC 2014,44.2072,11,,
Thu Feb 20 14:51:30 UTC 2014,44.2072,11,,
Thu Feb 20 14:51:36 UTC 2014,42.8436,11,,
Thu Feb 20 14:51:41 UTC 2014,42.8436,11,,
Thu Feb 20 14:51:47 UTC 2014,44.3037,11,,
Thu Feb 20 14:51:52 UTC 2014,44.3037,11,CassandraNode_scaleOut,CassandraNode
Thu Feb 20 14:52:00 UTC 2014,45.4295,11,CassandraNode_scaleOut,CassandraNode
Thu Feb 20 14:52:07 UTC 2014,45.4295,11,CassandraNode_scaleOut,CassandraNode
Thu Feb 20 14:52:15 UTC 2014,49.0465,11,CassandraNode_scaleOut,CassandraNode
Thu Feb 20 14:52:23 UTC 2014,50.0115,11,CassandraNode_scaleOut,CassandraNode
Thu Feb 20 14:52:30 UTC 2014,51.1604,11,CassandraNode_scaleOut,CassandraNode
Thu Feb 20 14:52:38 UTC 2014,51.1604,11,CassandraNode_scaleOut,CassandraNode
Thu Feb 20 14:52:45 UTC 2014,50.3352,11,CassandraNode_scaleOut,CassandraNode
Thu Feb 20 14:52:53 UTC 2014,49.7348,12,,
Thu Feb 20 14:52:58 UTC 2014,53.0557,12,,
Thu Feb 20 14:53:04 UTC 2014,52.7365,12,,
Thu Feb 20 14:53:09 UTC 2014,52.7365,12,,
Thu Feb 20 14:53:14 UTC 2014,47.8201,12,,
Thu Feb 20 14:53:21 UTC 2014,47.8201,12,,
Thu Feb 20 14:53:26 UTC 2014,47.8201,12,,
Thu Feb 20 14:53:32 UTC 2014,50.0841,12,,
Thu Feb 20 14:53:37 UTC 2014,50.2855,12,,
Thu Feb 20 14:53:42 UTC 2014,50.2855,12,,
Thu Feb 20 14:53:47 UTC 2014,52.0685,12,,
Thu Feb 20 14:53:52 UTC 2014,52.0685,12,,
Thu Feb 20 14:53:58 UTC 2014,51.6684,12,,
Thu Feb 20 14:54:03 UTC 2014,51.6684,12,,
Thu Feb 20 14:54:08 UTC 2014,51.636,12,,
Thu Feb 20 14:54:14 UTC 2014,51.636,12,,
Thu Feb 20 14:54:19 UTC 2014,51.0235,12,,
Thu Feb 20 14:54:24 UTC 2014,51.0235,12,,
Thu Feb 20 14:54:30 UTC 2014,51.0235,12,,
Thu Feb 20 14:54:35 UTC 2014,51.0235,12,,
Thu Feb 20 14:54:41 UTC 2014,51.0235,12,,
Thu Feb 20 14:54:46 UTC 2014,51.6692,12,,
Thu Feb 20 14:54:51 UTC 2014,51.6692,12,,
Thu Feb 20 14:54:57 UTC 2014,51.6692,12,,
Thu Feb 20 14:55:02 UTC 2014,51.6692,12,,
Thu Feb 20 14:55:08 UTC 2014,51.6692,12,,
Thu Feb 20 14:55:14 UTC 2014,55.7824,12,,
Thu Feb 20 14:55:20 UTC 2014,55.7824,12,,
Thu Feb 20 14:55:26 UTC 2014,55.7824,12,,
Thu Feb 20 14:55:31 UTC 2014,55.7824,12,,
Thu Feb 20 14:55:37 UTC 2014,55.7824,12,,
Thu Feb 20 14:55:42 UTC 2014,52.169,12,,
Thu Feb 20 14:55:48 UTC 2014,52.169,12,,
Thu Feb 20 14:55:54 UTC 2014,52.169,12,,
Thu Feb 20 14:55:59 UTC 2014,52.169,12,,
Thu Feb 20 14:56:05 UTC 2014,53.2088,12,,
Thu Feb 20 14:56:10 UTC 2014,53.2088,12,,
Thu Feb 20 14:56:16 UTC 2014,53.2088,12,,
Thu Feb 20 14:56:21 UTC 2014,53.2088,12,,
Thu Feb 20 14:56:27 UTC 2014,51.6371,12,,
Thu Feb 20 14:56:32 UTC 2014,51.6371,12,,
Thu Feb 20 14:56:38 UTC 2014,52.1114,12,,
Thu Feb 20 14:56:43 UTC 2014,52.1114,12,,
Thu Feb 20 14:56:48 UTC 2014,52.1114,12,,
Thu Feb 20 14:56:54 UTC 2014,52.1114,12,,
Thu Feb 20 14:56:59 UTC 2014,50.9827,12,,
Thu Feb 20 14:57:05 UTC 2014,50.9827,12,,
Thu Feb 20 14:57:11 UTC 2014,50.9827,12,,
Thu Feb 20 14:57:16 UTC 2014,50.9827,12,,
Thu Feb 20 14:57:22 UTC 2014,51.1665,12,,
Thu Feb 20 14:57:27 UTC 2014,51.5951,12,,
Thu Feb 20 14:57:32 UTC 2014,51.5951,12,,
Thu Feb 20 14:57:38 UTC 2014,51.7871,12,,
Thu Feb 20 14:57:43 UTC 2014,51.7871,12,,
Thu Feb 20 14:57:49 UTC 2014,51.7871,12,,
Thu Feb 20 14:57:54 UTC 2014,51.7871,12,,
Thu Feb 20 14:58:00 UTC 2014,51.7871,12,,
Thu Feb 20 14:58:05 UTC 2014,52.4682,12,,
Thu Feb 20 14:58:11 UTC 2014,52.4682,12,,
Thu Feb 20 14:58:17 UTC 2014,52.4682,12,,
Thu Feb 20 14:58:22 UTC 2014,52.4682,12,,
Thu Feb 20 14:58:27 UTC 2014,52.4682,12,,
Thu Feb 20 14:58:33 UTC 2014,52.4682,12,,
Thu Feb 20 14:58:38 UTC 2014,52.2615,12,,
Thu Feb 20 14:58:44 UTC 2014,52.2615,12,,
Thu Feb 20 14:58:49 UTC 2014,52.2615,12,,
Thu Feb 20 14:58:55 UTC 2014,51.8982,12,,
Thu Feb 20 14:59:00 UTC 2014,51.8982,12,,
Thu Feb 20 14:59:06 UTC 2014,51.8982,12,,
Thu Feb 20 14:59:11 UTC 2014,51.8982,12,,
Thu Feb 20 14:59:17 UTC 2014,52.1574,12,,
Thu Feb 20 14:59:22 UTC 2014,52.1574,12,,
Thu Feb 20 14:59:28 UTC 2014,52.1574,12,,
Thu Feb 20 14:59:33 UTC 2014,52.1574,12,,
Thu Feb 20 14:59:39 UTC 2014,52.1574,12,,
Thu Feb 20 14:59:44 UTC 2014,52.1697,12,,
Thu Feb 20 14:59:50 UTC 2014,52.1697,12,,
Thu Feb 20 14:59:55 UTC 2014,52.1697,12,,
Thu Feb 20 15:00:00 UTC 2014,52.1697,12,,
Thu Feb 20 15:00:06 UTC 2014,52.1697,12,,
Thu Feb 20 15:00:11 UTC 2014,52.1697,12,,
Thu Feb 20 15:00:17 UTC 2014,51.7022,12,,
Thu Feb 20 15:00:22 UTC 2014,51.7022,12,,
Thu Feb 20 15:00:28 UTC 2014,51.7022,12,CassandraNode_scaleOut,CassandraNode
Thu Feb 20 15:00:36 UTC 2014,53.2304,12,CassandraNode_scaleOut,CassandraNode
Thu Feb 20 15:00:43 UTC 2014,53.2304,12,CassandraNode_scaleOut,CassandraNode
Thu Feb 20 15:00:51 UTC 2014,51.0349,12,CassandraNode_scaleOut,CassandraNode
Thu Feb 20 15:00:58 UTC 2014,51.0349,12,CassandraNode_scaleOut,CassandraNode
Thu Feb 20 15:01:06 UTC 2014,48.7524,12,CassandraNode_scaleOut,CassandraNode
Thu Feb 20 15:01:13 UTC 2014,48.7524,12,CassandraNode_scaleOut,CassandraNode
Thu Feb 20 15:01:21 UTC 2014,52.3227,12,,
Thu Feb 20 15:01:28 UTC 2014,52.3227,12,,
Thu Feb 20 15:01:33 UTC 2014,53.3354,13,,
Thu Feb 20 15:01:38 UTC 2014,53.0993,13,,
Thu Feb 20 15:01:43 UTC 2014,55.0589,13,,
Thu Feb 20 15:01:48 UTC 2014,53.3276,13,,
Thu Feb 20 15:01:54 UTC 2014,53.3735,13,,
Thu Feb 20 15:01:59 UTC 2014,53.2603,13,,
Thu Feb 20 15:02:04 UTC 2014,52.9564,13,,
Thu Feb 20 15:02:09 UTC 2014,52.9564,13,,
Thu Feb 20 15:02:15 UTC 2014,50.0399,13,,
Thu Feb 20 15:02:20 UTC 2014,49.4752,13,,
Thu Feb 20 15:02:25 UTC 2014,51.0748,13,,
Thu Feb 20 15:02:31 UTC 2014,52.1417,13,,
Thu Feb 20 15:02:36 UTC 2014,52.1417,13,,
Thu Feb 20 15:02:41 UTC 2014,52.5414,13,,
Thu Feb 20 15:02:47 UTC 2014,52.5414,13,,
Thu Feb 20 15:02:52 UTC 2014,52.5414,13,,
Thu Feb 20 15:02:58 UTC 2014,52.5414,13,,
Thu Feb 20 15:03:03 UTC 2014,52.5414,13,,
Thu Feb 20 15:03:09 UTC 2014,53.467,13,,
Thu Feb 20 15:03:15 UTC 2014,53.467,13,,
Thu Feb 20 15:03:20 UTC 2014,53.467,13,,
Thu Feb 20 15:03:26 UTC 2014,50.8587,13,,
Thu Feb 20 15:03:31 UTC 2014,50.8587,13,,
Thu Feb 20 15:03:36 UTC 2014,52.7119,13,,
Thu Feb 20 15:03:42 UTC 2014,52.7119,13,,
Thu Feb 20 15:03:47 UTC 2014,54.179,13,,
Thu Feb 20 15:03:52 UTC 2014,54.179,13,,
Thu Feb 20 15:03:58 UTC 2014,52.5216,13,,
Thu Feb 20 15:04:03 UTC 2014,52.5216,13,,
Thu Feb 20 15:04:08 UTC 2014,53.2678,13,,
Thu Feb 20 15:04:13 UTC 2014,53.2678,13,,
Thu Feb 20 15:04:19 UTC 2014,54.0161,13,,
Thu Feb 20 15:04:24 UTC 2014,54.0161,13,,
Thu Feb 20 15:04:29 UTC 2014,53.0317,13,,
Thu Feb 20 15:04:34 UTC 2014,53.0317,13,,
Thu Feb 20 15:04:40 UTC 2014,51.1582,13,,
Thu Feb 20 15:04:45 UTC 2014,54.1391,13,,
Thu Feb 20 15:04:50 UTC 2014,54.4397,13,,
Thu Feb 20 15:04:55 UTC 2014,53.2426,13,,
Thu Feb 20 15:05:00 UTC 2014,51.7347,13,,
Thu Feb 20 15:05:05 UTC 2014,52.0924,13,,
Thu Feb 20 15:05:11 UTC 2014,50.6671,13,,
Thu Feb 20 15:05:16 UTC 2014,50.7055,13,,
Thu Feb 20 15:05:21 UTC 2014,50.482,13,,
Thu Feb 20 15:05:27 UTC 2014,50.482,13,,
Thu Feb 20 15:05:32 UTC 2014,52.7348,13,,
Thu Feb 20 15:05:37 UTC 2014,52.7348,13,AppServer_scaleIn,AppServer
Thu Feb 20 15:05:45 UTC 2014,53.3997,13,AppServer_scaleIn,AppServer
Thu Feb 20 15:05:52 UTC 2014,52.9104,13,AppServer_scaleIn,AppServer
Thu Feb 20 15:05:59 UTC 2014,53.8785,13,AppServer_scaleIn,AppServer
Thu Feb 20 15:06:06 UTC 2014,53.8343,13,AppServer_scaleIn,AppServer
Thu Feb 20 15:06:14 UTC 2014,53.0779,13,AppServer_scaleIn,AppServer
Thu Feb 20 15:06:21 UTC 2014,51.4929,13,AppServer_scaleIn,AppServer
Thu Feb 20 15:06:28 UTC 2014,52.1227,13,AppServer_scaleIn,AppServer
Thu Feb 20 15:06:35 UTC 2014,52.4898,13,AppServer_scaleIn,AppServer
Thu Feb 20 15:06:42 UTC 2014,52.4231,13,AppServer_scaleIn,AppServer
Thu Feb 20 15:06:50 UTC 2014,52.4231,13,AppServer_scaleIn,AppServer
Thu Feb 20 15:06:57 UTC 2014,51.5936,13,AppServer_scaleIn,AppServer
Thu Feb 20 15:07:05 UTC 2014,49.8797,13,AppServer_scaleIn,AppServer
Thu Feb 20 15:07:13 UTC 2014,49.8797,13,AppServer_scaleIn,AppServer
Thu Feb 20 15:07:20 UTC 2014,50.2134,13,AppServer_scaleIn,AppServer
Thu Feb 20 15:07:28 UTC 2014,50.2134,13,AppServer_scaleIn,AppServer
Thu Feb 20 15:07:36 UTC 2014,49.1808,13,AppServer_scaleIn,AppServer
Thu Feb 20 15:07:44 UTC 2014,49.1808,13,AppServer_scaleIn,AppServer
Thu Feb 20 15:07:51 UTC 2014,44.929,13,AppServer_scaleIn,AppServer
Thu Feb 20 15:07:59 UTC 2014,44.929,13,AppServer_scaleIn,AppServer
Thu Feb 20 15:08:07 UTC 2014,42.6408,13,AppServer_scaleIn,AppServer
Thu Feb 20 15:08:14 UTC 2014,42.6408,13,AppServer_scaleIn,AppServer
Thu Feb 20 15:08:22 UTC 2014,42.6408,13,,
Thu Feb 20 15:08:27 UTC 2014,50.2632,12,,
Thu Feb 20 15:08:33 UTC 2014,50.2632,12,,
Thu Feb 20 15:08:38 UTC 2014,47.5677,12,,
Thu Feb 20 15:08:44 UTC 2014,47.5677,12,,
Thu Feb 20 15:08:49 UTC 2014,48.692,12,,
Thu Feb 20 15:08:55 UTC 2014,48.692,12,,
Thu Feb 20 15:09:01 UTC 2014,48.692,12,,
Thu Feb 20 15:09:06 UTC 2014,50.2779,12,,
Thu Feb 20 15:09:11 UTC 2014,50.2779,12,,
Thu Feb 20 15:09:17 UTC 2014,52.9536,12,,
Thu Feb 20 15:09:22 UTC 2014,50.233,12,,
Thu Feb 20 15:09:27 UTC 2014,50.2122,12,,
Thu Feb 20 15:09:33 UTC 2014,50.6052,12,,
Thu Feb 20 15:09:38 UTC 2014,50.4869,12,,
Thu Feb 20 15:09:44 UTC 2014,50.4869,12,,
Thu Feb 20 15:09:49 UTC 2014,50.5068,12,,
Thu Feb 20 15:09:54 UTC 2014,50.5068,12,,
Thu Feb 20 15:10:00 UTC 2014,49.9859,12,,
Thu Feb 20 15:10:05 UTC 2014,49.9859,12,,
Thu Feb 20 15:10:10 UTC 2014,46.7817,12,,
Thu Feb 20 15:10:15 UTC 2014,46.7817,12,,
Thu Feb 20 15:10:21 UTC 2014,46.7817,12,,
Thu Feb 20 15:10:26 UTC 2014,49.509,12,,
Thu Feb 20 15:10:32 UTC 2014,49.509,12,,
Thu Feb 20 15:10:37 UTC 2014,51.9595,12,,
Thu Feb 20 15:10:42 UTC 2014,51.9595,12,,
Thu Feb 20 15:10:47 UTC 2014,51.5858,12,,
Thu Feb 20 15:10:52 UTC 2014,51.5858,12,,
Thu Feb 20 15:10:58 UTC 2014,47.9607,12,,
Thu Feb 20 15:11:04 UTC 2014,47.9607,12,,
Thu Feb 20 15:11:09 UTC 2014,47.9607,12,,
Thu Feb 20 15:11:16 UTC 2014,48.0099,12,,
Thu Feb 20 15:11:22 UTC 2014,48.0099,12,,
Thu Feb 20 15:11:27 UTC 2014,48.0099,12,,
Thu Feb 20 15:11:33 UTC 2014,48.0099,12,,
Thu Feb 20 15:11:39 UTC 2014,48.0099,12,,
Thu Feb 20 15:11:45 UTC 2014,48.0099,12,,
Thu Feb 20 15:11:50 UTC 2014,48.8623,12,,
Thu Feb 20 15:11:55 UTC 2014,48.8623,12,,
Thu Feb 20 15:12:01 UTC 2014,54.9898,12,,
Thu Feb 20 15:12:06 UTC 2014,54.9898,12,,
Thu Feb 20 15:12:11 UTC 2014,54.9898,12,,
Thu Feb 20 15:12:17 UTC 2014,53.1794,12,,
Thu Feb 20 15:12:22 UTC 2014,53.1794,12,CassandraNode_scaleOut,CassandraNode
Thu Feb 20 15:12:29 UTC 2014,50.5928,12,CassandraNode_scaleOut,CassandraNode
Thu Feb 20 15:12:37 UTC 2014,48.9866,12,CassandraNode_scaleOut,CassandraNode
Thu Feb 20 15:12:44 UTC 2014,49.2857,12,CassandraNode_scaleOut,CassandraNode
Thu Feb 20 15:12:51 UTC 2014,48.9677,12,CassandraNode_scaleOut,CassandraNode
Thu Feb 20 15:12:58 UTC 2014,50.5777,12,CassandraNode_scaleOut,CassandraNode
Thu Feb 20 15:13:06 UTC 2014,48.7843,12,CassandraNode_scaleOut,CassandraNode
Thu Feb 20 15:13:13 UTC 2014,49.3992,13,,
Thu Feb 20 15:13:18 UTC 2014,49.1573,13,,
Thu Feb 20 15:13:23 UTC 2014,50.5541,13,,
Thu Feb 20 15:13:29 UTC 2014,50.9365,13,,
Thu Feb 20 15:13:34 UTC 2014,50.9365,13,,
Thu Feb 20 15:13:40 UTC 2014,51.4428,13,,
Thu Feb 20 15:13:45 UTC 2014,51.4428,13,,
Thu Feb 20 15:13:50 UTC 2014,48.3674,13,,
Thu Feb 20 15:13:56 UTC 2014,50.0374,13,,
Thu Feb 20 15:14:01 UTC 2014,50.0374,13,,
Thu Feb 20 15:14:06 UTC 2014,50.4552,13,,
Thu Feb 20 15:14:11 UTC 2014,50.4552,13,,
Thu Feb 20 15:14:17 UTC 2014,50.4552,13,,
Thu Feb 20 15:14:22 UTC 2014,50.3118,13,,
Thu Feb 20 15:14:27 UTC 2014,50.3118,13,,
Thu Feb 20 15:14:32 UTC 2014,49.7153,13,,
Thu Feb 20 15:14:37 UTC 2014,49.9788,13,,
Thu Feb 20 15:14:42 UTC 2014,51.2036,13,,
Thu Feb 20 15:14:48 UTC 2014,51.2036,13,,
Thu Feb 20 15:14:53 UTC 2014,47.2683,13,,
Thu Feb 20 15:14:59 UTC 2014,47.2683,13,,
Thu Feb 20 15:15:04 UTC 2014,47.2683,13,,
Thu Feb 20 15:15:10 UTC 2014,47.4697,13,,
Thu Feb 20 15:15:15 UTC 2014,47.4697,13,,
Thu Feb 20 15:15:20 UTC 2014,47.4697,13,,
Thu Feb 20 15:15:26 UTC 2014,47.4697,13,,
Thu Feb 20 15:15:32 UTC 2014,47.4697,13,,
Thu Feb 20 15:15:37 UTC 2014,47.7353,13,,
Thu Feb 20 15:15:43 UTC 2014,47.7353,13,,
Thu Feb 20 15:15:48 UTC 2014,47.7353,13,,
Thu Feb 20 15:15:53 UTC 2014,47.7353,13,,
Thu Feb 20 15:15:59 UTC 2014,49.8537,13,,
Thu Feb 20 15:16:05 UTC 2014,49.8537,13,,
Thu Feb 20 15:16:10 UTC 2014,49.8537,13,,
Thu Feb 20 15:16:15 UTC 2014,49.6989,13,,
Thu Feb 20 15:16:21 UTC 2014,49.6989,13,,
Thu Feb 20 15:16:26 UTC 2014,49.6989,13,,
Thu Feb 20 15:16:32 UTC 2014,51.4333,13,,
Thu Feb 20 15:16:37 UTC 2014,54.7259,13,,
Thu Feb 20 15:16:42 UTC 2014,54.7259,13,,
Thu Feb 20 15:16:48 UTC 2014,54.7259,13,,
Thu Feb 20 15:16:53 UTC 2014,53.8185,13,,
Thu Feb 20 15:16:59 UTC 2014,53.8185,13,,
Thu Feb 20 15:17:04 UTC 2014,49.0303,13,,
Thu Feb 20 15:17:09 UTC 2014,49.0303,13,,
Thu Feb 20 15:17:15 UTC 2014,49.0303,13,,
Thu Feb 20 15:17:21 UTC 2014,49.0303,13,,
Thu Feb 20 15:17:27 UTC 2014,49.0303,13,,
Thu Feb 20 15:17:32 UTC 2014,48.7684,13,,
Thu Feb 20 15:17:38 UTC 2014,48.7684,13,,
Thu Feb 20 15:17:43 UTC 2014,48.7684,13,,
Thu Feb 20 15:17:49 UTC 2014,48.7684,13,,
Thu Feb 20 15:17:55 UTC 2014,48.7684,13,,
Thu Feb 20 15:18:00 UTC 2014,48.7684,13,,
Thu Feb 20 15:18:05 UTC 2014,46.0665,13,,
Thu Feb 20 15:18:11 UTC 2014,46.0665,13,,
Thu Feb 20 15:18:17 UTC 2014,46.0665,13,,
Thu Feb 20 15:18:22 UTC 2014,46.0665,13,,
Thu Feb 20 15:18:28 UTC 2014,46.0665,13,,
Thu Feb 20 15:18:34 UTC 2014,46.0665,13,,
Thu Feb 20 15:18:39 UTC 2014,47.7699,13,,
Thu Feb 20 15:18:45 UTC 2014,47.7699,13,,
Thu Feb 20 15:18:50 UTC 2014,47.7699,13,,
Thu Feb 20 15:18:55 UTC 2014,47.7699,13,,
Thu Feb 20 15:19:01 UTC 2014,47.7699,13,,
Thu Feb 20 15:19:06 UTC 2014,47.7699,13,,
Thu Feb 20 15:19:12 UTC 2014,48.5453,13,,
Thu Feb 20 15:19:18 UTC 2014,48.5453,13,,
Thu Feb 20 15:19:23 UTC 2014,48.5453,13,,
Thu Feb 20 15:19:29 UTC 2014,48.5453,13,,
Thu Feb 20 15:19:34 UTC 2014,48.5453,13,,
Thu Feb 20 15:19:40 UTC 2014,48.5453,13,,
Thu Feb 20 15:19:45 UTC 2014,48.5453,13,,
Thu Feb 20 15:19:51 UTC 2014,52.1791,13,,
Thu Feb 20 15:19:56 UTC 2014,52.1791,13,,
Thu Feb 20 15:20:02 UTC 2014,52.1791,13,,
Thu Feb 20 15:20:07 UTC 2014,52.1791,13,AppServer_scaleIn,AppServer
Thu Feb 20 15:20:15 UTC 2014,52.1791,13,AppServer_scaleIn,AppServer
Thu Feb 20 15:20:22 UTC 2014,45.9472,13,AppServer_scaleIn,AppServer
Thu Feb 20 15:20:30 UTC 2014,45.9472,13,AppServer_scaleIn,AppServer
Thu Feb 20 15:20:38 UTC 2014,44.8848,13,AppServer_scaleIn,AppServer
Thu Feb 20 15:20:45 UTC 2014,44.8848,13,AppServer_scaleIn,AppServer
Thu Feb 20 15:20:53 UTC 2014,44.8848,13,AppServer_scaleIn,AppServer
Thu Feb 20 15:21:00 UTC 2014,38.3836,13,AppServer_scaleIn,AppServer
Thu Feb 20 15:21:08 UTC 2014,38.3836,13,AppServer_scaleIn,AppServer
Thu Feb 20 15:21:16 UTC 2014,41.4141,13,AppServer_scaleIn,AppServer
Thu Feb 20 15:21:23 UTC 2014,41.4141,13,AppServer_scaleIn,AppServer
Thu Feb 20 15:21:31 UTC 2014,41.4141,13,AppServer_scaleIn,AppServer
Thu Feb 20 15:21:39 UTC 2014,37.3241,13,AppServer_scaleIn,AppServer
Thu Feb 20 15:21:47 UTC 2014,37.3241,13,AppServer_scaleIn,AppServer
Thu Feb 20 15:21:54 UTC 2014,35.7354,13,AppServer_scaleIn,AppServer
Thu Feb 20 15:22:02 UTC 2014,35.7354,13,AppServer_scaleIn,AppServer
Thu Feb 20 15:22:09 UTC 2014,35.7354,13,AppServer_scaleIn,AppServer
Thu Feb 20 15:22:17 UTC 2014,40.5263,13,AppServer_scaleIn,AppServer
Thu Feb 20 15:22:25 UTC 2014,40.5263,13,AppServer_scaleIn,AppServer
Thu Feb 20 15:22:32 UTC 2014,36.8942,13,AppServer_scaleIn,AppServer
Thu Feb 20 15:22:40 UTC 2014,36.8942,13,AppServer_scaleIn,AppServer
Thu Feb 20 15:22:47 UTC 2014,36.5129,13,AppServer_scaleIn,AppServer
Thu Feb 20 15:22:55 UTC 2014,36.5129,13,AppServer_scaleIn,AppServer
Thu Feb 20 15:23:02 UTC 2014,38.814,12,,
Thu Feb 20 15:23:08 UTC 2014,38.814,12,,
Thu Feb 20 15:23:14 UTC 2014,38.814,12,,
Thu Feb 20 15:23:19 UTC 2014,38.814,12,,
Thu Feb 20 15:23:25 UTC 2014,38.814,12,,
Thu Feb 20 15:23:31 UTC 2014,44.5512,12,,
Thu Feb 20 15:23:37 UTC 2014,44.5512,12,,
Thu Feb 20 15:23:43 UTC 2014,44.5512,12,,
Thu Feb 20 15:23:49 UTC 2014,44.5512,12,,
Thu Feb 20 15:23:54 UTC 2014,44.5512,12,,
Thu Feb 20 15:24:00 UTC 2014,44.5512,12,,
Thu Feb 20 15:24:05 UTC 2014,38.2005,12,,
Thu Feb 20 15:24:11 UTC 2014,38.2005,12,,
Thu Feb 20 15:24:16 UTC 2014,38.2005,12,,
Thu Feb 20 15:24:22 UTC 2014,38.2005,12,,
Thu Feb 20 15:24:27 UTC 2014,38.2005,12,,
Thu Feb 20 15:24:34 UTC 2014,38.2005,12,,
Thu Feb 20 15:24:39 UTC 2014,40.4924,12,,
Thu Feb 20 15:24:45 UTC 2014,40.4924,12,,
Thu Feb 20 15:24:50 UTC 2014,40.4924,12,,
Thu Feb 20 15:24:56 UTC 2014,40.4924,12,,
Thu Feb 20 15:25:01 UTC 2014,40.4924,12,,
Thu Feb 20 15:25:07 UTC 2014,42.804,12,,
Thu Feb 20 15:25:12 UTC 2014,42.804,12,,
Thu Feb 20 15:25:18 UTC 2014,42.804,12,,
Thu Feb 20 15:25:25 UTC 2014,42.804,12,,
Thu Feb 20 15:25:31 UTC 2014,42.804,12,,
Thu Feb 20 15:25:36 UTC 2014,42.804,12,,
Thu Feb 20 15:25:42 UTC 2014,34.87,12,,
Thu Feb 20 15:25:47 UTC 2014,34.87,12,,
Thu Feb 20 15:25:53 UTC 2014,34.87,12,,
Thu Feb 20 15:25:59 UTC 2014,34.87,12,,
Thu Feb 20 15:26:04 UTC 2014,34.87,12,,
Thu Feb 20 15:26:10 UTC 2014,34.3192,12,,
Thu Feb 20 15:26:16 UTC 2014,34.3192,12,,
Thu Feb 20 15:26:21 UTC 2014,34.3192,12,CassandraNode_scaleOut,CassandraNode
Thu Feb 20 15:26:29 UTC 2014,34.3192,12,CassandraNode_scaleOut,CassandraNode
Thu Feb 20 15:26:36 UTC 2014,33.908,12,CassandraNode_scaleOut,CassandraNode
Thu Feb 20 15:26:44 UTC 2014,33.908,12,CassandraNode_scaleOut,CassandraNode
Thu Feb 20 15:26:52 UTC 2014,33.8525,12,CassandraNode_scaleOut,CassandraNode
Thu Feb 20 15:26:59 UTC 2014,33.8525,12,CassandraNode_scaleOut,CassandraNode
Thu Feb 20 15:27:07 UTC 2014,34.2359,12,CassandraNode_scaleOut,CassandraNode
Thu Feb 20 15:27:14 UTC 2014,34.2359,12,CassandraNode_scaleOut,CassandraNode
Thu Feb 20 15:27:22 UTC 2014,35.4418,12,,
Thu Feb 20 15:27:29 UTC 2014,35.4418,12,,
Thu Feb 20 15:27:36 UTC 2014,34.0027,13,,
Thu Feb 20 15:27:42 UTC 2014,34.0027,13,,
Thu Feb 20 15:27:47 UTC 2014,34.0027,13,,
Thu Feb 20 15:27:53 UTC 2014,34.0027,13,,
Thu Feb 20 15:27:58 UTC 2014,34.0027,13,,
Thu Feb 20 15:28:05 UTC 2014,32.6143,13,,
Thu Feb 20 15:28:10 UTC 2014,32.6143,13,,
Thu Feb 20 15:28:16 UTC 2014,32.6143,13,,
Thu Feb 20 15:28:21 UTC 2014,32.6143,13,,
Thu Feb 20 15:28:28 UTC 2014,32.6143,13,,
Thu Feb 20 15:28:35 UTC 2014,32.6143,13,,
Thu Feb 20 15:28:41 UTC 2014,32.6143,13,,
Thu Feb 20 15:28:47 UTC 2014,34.9065,13,,
Thu Feb 20 15:28:52 UTC 2014,34.9065,13,,
Thu Feb 20 15:28:57 UTC 2014,34.9065,13,,
Thu Feb 20 15:29:05 UTC 2014,34.9065,13,,
Thu Feb 20 15:29:11 UTC 2014,34.9065,13,,
Thu Feb 20 15:29:17 UTC 2014,35.2751,13,,
Thu Feb 20 15:29:22 UTC 2014,35.2751,13,,
Thu Feb 20 15:29:28 UTC 2014,35.2751,13,,
Thu Feb 20 15:29:34 UTC 2014,35.2751,13,,
Thu Feb 20 15:29:40 UTC 2014,35.2751,13,,
Thu Feb 20 15:29:45 UTC 2014,35.2751,13,,
Thu Feb 20 15:29:51 UTC 2014,33.3187,13,,
Thu Feb 20 15:29:56 UTC 2014,33.3187,13,,
Thu Feb 20 15:30:02 UTC 2014,33.3187,13,,
Thu Feb 20 15:30:07 UTC 2014,33.3187,13,,
Thu Feb 20 15:30:12 UTC 2014,39.2248,13,,
Thu Feb 20 15:30:19 UTC 2014,39.2248,13,,
Thu Feb 20 15:30:24 UTC 2014,39.2248,13,,
Thu Feb 20 15:30:30 UTC 2014,48.8288,13,,
Thu Feb 20 15:30:36 UTC 2014,49.0506,13,,
Thu Feb 20 15:30:41 UTC 2014,49.0506,13,,
Thu Feb 20 15:30:46 UTC 2014,49.0506,13,,
Thu Feb 20 15:30:52 UTC 2014,49.0506,13,,
Thu Feb 20 15:30:57 UTC 2014,49.0506,13,,
Thu Feb 20 15:31:02 UTC 2014,51.4272,13,,
Thu Feb 20 15:31:08 UTC 2014,52.6714,13,,
Thu Feb 20 15:31:13 UTC 2014,53.6215,13,,
Thu Feb 20 15:31:18 UTC 2014,53.6215,13,,
Thu Feb 20 15:31:25 UTC 2014,53.6215,13,,
Thu Feb 20 15:31:30 UTC 2014,53.6215,13,,
Thu Feb 20 15:31:35 UTC 2014,53.6215,13,,
Thu Feb 20 15:31:41 UTC 2014,53.6215,13,,
Thu Feb 20 15:31:47 UTC 2014,46.1236,13,,
Thu Feb 20 15:31:52 UTC 2014,46.1236,13,,
Thu Feb 20 15:31:58 UTC 2014,46.1236,13,,
Thu Feb 20 15:32:04 UTC 2014,46.1236,13,,
Thu Feb 20 15:32:09 UTC 2014,46.1236,13,,
Thu Feb 20 15:32:14 UTC 2014,46.1236,13,,
Thu Feb 20 15:32:20 UTC 2014,34.6605,13,,
Thu Feb 20 15:32:25 UTC 2014,34.6605,13,,
Thu Feb 20 15:32:31 UTC 2014,34.6605,13,,
Thu Feb 20 15:32:36 UTC 2014,30.1868,13,,
Thu Feb 20 15:32:42 UTC 2014,30.1868,13,,
Thu Feb 20 15:32:47 UTC 2014,30.1868,13,,
Thu Feb 20 15:32:53 UTC 2014,30.1868,13,,
Thu Feb 20 15:32:58 UTC 2014,30.1868,13,,
Thu Feb 20 15:33:04 UTC 2014,30.1868,13,,
Thu Feb 20 15:33:09 UTC 2014,22.6509,13,,
Thu Feb 20 15:33:16 UTC 2014,22.6509,13,,
Thu Feb 20 15:33:21 UTC 2014,22.6509,13,,
Thu Feb 20 15:33:28 UTC 2014,22.6509,13,,
Thu Feb 20 15:33:35 UTC 2014,22.6509,13,,
Thu Feb 20 15:33:40 UTC 2014,20.2425,13,,
Thu Feb 20 15:33:46 UTC 2014,20.2425,13,,
Thu Feb 20 15:33:52 UTC 2014,20.2425,13,,
Thu Feb 20 15:33:57 UTC 2014,20.2425,13,,
Thu Feb 20 15:34:02 UTC 2014,20.2425,13,,
Thu Feb 20 15:34:08 UTC 2014,20.2425,13,,
Thu Feb 20 15:34:14 UTC 2014,20.2425,13,,
Thu Feb 20 15:34:20 UTC 2014,20.4076,13,,
Thu Feb 20 15:34:25 UTC 2014,20.4076,13,,
Thu Feb 20 15:34:31 UTC 2014,20.4076,13,,
Thu Feb 20 15:34:36 UTC 2014,20.4076,13,,
Thu Feb 20 15:34:42 UTC 2014,20.4076,13,,
Thu Feb 20 15:34:48 UTC 2014,26.6933,13,,
Thu Feb 20 15:34:54 UTC 2014,26.6933,13,,
Thu Feb 20 15:35:00 UTC 2014,26.6933,13,,
Thu Feb 20 15:35:05 UTC 2014,26.6933,13,,
Thu Feb 20 15:35:11 UTC 2014,26.6933,13,,
Thu Feb 20 15:35:16 UTC 2014,23.1932,13,,
Thu Feb 20 15:35:22 UTC 2014,23.1932,13,,
Thu Feb 20 15:35:28 UTC 2014,23.1932,13,,
Thu Feb 20 15:35:35 UTC 2014,23.1932,13,,
Thu Feb 20 15:35:40 UTC 2014,23.1932,13,CassandraNode_scaleOut,CassandraNode
Thu Feb 20 15:35:48 UTC 2014,32.464,13,CassandraNode_scaleOut,CassandraNode
Thu Feb 20 15:35:55 UTC 2014,32.464,13,CassandraNode_scaleOut,CassandraNode
Thu Feb 20 15:36:03 UTC 2014,24.0028,13,CassandraNode_scaleOut,CassandraNode
Thu Feb 20 15:36:11 UTC 2014,24.0028,13,CassandraNode_scaleOut,CassandraNode
Thu Feb 20 15:36:19 UTC 2014,28.8357,13,CassandraNode_scaleOut,CassandraNode
Thu Feb 20 15:36:26 UTC 2014,28.8357,13,CassandraNode_scaleOut,CassandraNode
Thu Feb 20 15:36:34 UTC 2014,28.8442,14,,
Thu Feb 20 15:36:40 UTC 2014,28.8442,14,,
Thu Feb 20 15:36:47 UTC 2014,28.8442,14,,
Thu Feb 20 15:36:52 UTC 2014,28.8442,14,,
Thu Feb 20 15:36:58 UTC 2014,28.8442,14,,
Thu Feb 20 15:37:03 UTC 2014,21.5074,14,,
Thu Feb 20 15:37:09 UTC 2014,21.5074,14,,
Thu Feb 20 15:37:14 UTC 2014,21.5074,14,,
Thu Feb 20 15:37:20 UTC 2014,21.5074,14,,
Thu Feb 20 15:37:25 UTC 2014,21.5074,14,,
Thu Feb 20 15:37:31 UTC 2014,21.5074,14,,
Thu Feb 20 15:37:37 UTC 2014,21.7004,14,,
Thu Feb 20 15:37:43 UTC 2014,21.7004,14,,
Thu Feb 20 15:37:48 UTC 2014,21.7004,14,,
Thu Feb 20 15:37:54 UTC 2014,21.7004,14,,
Thu Feb 20 15:37:59 UTC 2014,21.7004,14,,
Thu Feb 20 15:38:05 UTC 2014,21.7004,14,,
Thu Feb 20 15:38:10 UTC 2014,21.7004,14,,
Thu Feb 20 15:38:16 UTC 2014,21.7004,14,,
Thu Feb 20 15:38:22 UTC 2014,25.9382,14,CassandraNode_scaleOut,CassandraNode
Thu Feb 20 15:38:29 UTC 2014,25.9382,14,CassandraNode_scaleOut,CassandraNode
Thu Feb 20 15:38:37 UTC 2014,25.9382,14,CassandraNode_scaleOut,CassandraNode
Thu Feb 20 15:38:44 UTC 2014,17.1029,14,CassandraNode_scaleOut,CassandraNode
Thu Feb 20 15:38:52 UTC 2014,17.1029,14,CassandraNode_scaleOut,CassandraNode
Thu Feb 20 15:39:00 UTC 2014,22.3458,14,CassandraNode_scaleOut,CassandraNode
Thu Feb 20 15:39:07 UTC 2014,22.3458,14,,
Thu Feb 20 15:39:13 UTC 2014,22.3458,14,,
Thu Feb 20 15:39:19 UTC 2014,22.3458,14,,
Thu Feb 20 15:39:25 UTC 2014,22.3458,14,,
Thu Feb 20 15:39:30 UTC 2014,22.4034,15,,
Thu Feb 20 15:39:36 UTC 2014,22.4034,15,,
Thu Feb 20 15:39:42 UTC 2014,22.4034,15,,
Thu Feb 20 15:39:47 UTC 2014,22.4034,15,,
Thu Feb 20 15:39:53 UTC 2014,22.4034,15,,
Thu Feb 20 15:39:59 UTC 2014,22.4034,15,,
Thu Feb 20 15:40:05 UTC 2014,27.9145,15,,
Thu Feb 20 15:40:10 UTC 2014,27.9145,15,,
Thu Feb 20 15:40:16 UTC 2014,27.9145,15,,
Thu Feb 20 15:40:21 UTC 2014,27.9145,15,,
Thu Feb 20 15:40:27 UTC 2014,22.703,15,,
Thu Feb 20 15:40:32 UTC 2014,22.703,15,,
Thu Feb 20 15:40:38 UTC 2014,22.703,15,,
Thu Feb 20 15:40:44 UTC 2014,29.6379,15,,
Thu Feb 20 15:40:49 UTC 2014,26.1038,15,,
Thu Feb 20 15:40:54 UTC 2014,25.3392,15,,
Thu Feb 20 15:40:59 UTC 2014,25.3392,15,,
Thu Feb 20 15:41:04 UTC 2014,31.9927,15,,
Thu Feb 20 15:41:10 UTC 2014,31.9927,15,,
Thu Feb 20 15:41:15 UTC 2014,31.7342,15,,
Thu Feb 20 15:41:20 UTC 2014,31.7342,15,,
Thu Feb 20 15:41:26 UTC 2014,31.7342,15,,
Thu Feb 20 15:41:32 UTC 2014,31.7342,15,,
Thu Feb 20 15:41:37 UTC 2014,31.7342,15,,
Thu Feb 20 15:41:43 UTC 2014,100,15,,
Thu Feb 20 15:41:48 UTC 2014,31.4684,15,,
Thu Feb 20 15:41:53 UTC 2014,31.4684,15,,
Thu Feb 20 15:41:58 UTC 2014,31.2799,15,,
Thu Feb 20 15:42:04 UTC 2014,31.2799,15,,
Thu Feb 20 15:42:09 UTC 2014,31.2799,15,,
Thu Feb 20 15:42:14 UTC 2014,34.1617,15,,
Thu Feb 20 15:42:20 UTC 2014,34.1617,15,,
Thu Feb 20 15:42:25 UTC 2014,32.3628,15,,
Thu Feb 20 15:42:30 UTC 2014,32.3628,15,,
Thu Feb 20 15:42:35 UTC 2014,33.1634,15,,
Thu Feb 20 15:42:41 UTC 2014,33.1634,15,,
Thu Feb 20 15:42:46 UTC 2014,28.7969,15,,
Thu Feb 20 15:42:51 UTC 2014,28.7969,15,,
Thu Feb 20 15:42:57 UTC 2014,31.2959,15,,
Thu Feb 20 15:43:02 UTC 2014,31.2959,15,,
Thu Feb 20 15:43:07 UTC 2014,31.7233,15,,
Thu Feb 20 15:43:12 UTC 2014,31.7233,15,,
Thu Feb 20 15:43:17 UTC 2014,30.0012,15,,
Thu Feb 20 15:43:22 UTC 2014,30.0012,15,,
Thu Feb 20 15:43:28 UTC 2014,30.4763,15,,
Thu Feb 20 15:43:33 UTC 2014,27.5062,15,,
Thu Feb 20 15:43:38 UTC 2014,27.1833,15,,
Thu Feb 20 15:43:44 UTC 2014,31.4479,15,,
Thu Feb 20 15:43:49 UTC 2014,31.4479,15,,
Thu Feb 20 15:43:54 UTC 2014,27.532,15,,
Thu Feb 20 15:43:59 UTC 2014,27.5966,15,,
Thu Feb 20 15:44:04 UTC 2014,27.5966,15,,
Thu Feb 20 15:44:10 UTC 2014,27.0515,15,,
Thu Feb 20 15:44:15 UTC 2014,27.0515,15,,
Thu Feb 20 15:44:20 UTC 2014,29.5539,15,,
Thu Feb 20 15:44:26 UTC 2014,29.0916,15,,
Thu Feb 20 15:44:31 UTC 2014,29.0916,15,,
Thu Feb 20 15:44:36 UTC 2014,29.0916,15,,
Thu Feb 20 15:44:42 UTC 2014,29.0916,15,,
Thu Feb 20 15:44:47 UTC 2014,31.9413,15,,
Thu Feb 20 15:44:53 UTC 2014,31.9413,15,,
Thu Feb 20 15:44:58 UTC 2014,31.9413,15,,
Thu Feb 20 15:45:04 UTC 2014,31.9413,15,,
Thu Feb 20 15:45:09 UTC 2014,31.9413,15,,
Thu Feb 20 15:45:14 UTC 2014,32.5824,15,,
Thu Feb 20 15:45:20 UTC 2014,32.5824,15,,
Thu Feb 20 15:45:25 UTC 2014,32.5824,15,,
Thu Feb 20 15:45:31 UTC 2014,32.5824,15,,
Thu Feb 20 15:45:36 UTC 2014,31.7845,15,,
Thu Feb 20 15:45:42 UTC 2014,31.7845,15,,
Thu Feb 20 15:45:47 UTC 2014,31.7845,15,,
Thu Feb 20 15:45:53 UTC 2014,31.7845,15,,
Thu Feb 20 15:45:59 UTC 2014,31.7845,15,,
Thu Feb 20 15:46:04 UTC 2014,31.7845,15,,
Thu Feb 20 15:46:10 UTC 2014,31.7845,15,,
Thu Feb 20 15:46:15 UTC 2014,36.014,15,CassandraNode_scaleOut,CassandraNode
Thu Feb 20 15:46:23 UTC 2014,36.014,15,CassandraNode_scaleOut,CassandraNode
Thu Feb 20 15:46:30 UTC 2014,36.014,15,CassandraNode_scaleOut,CassandraNode
Thu Feb 20 15:46:38 UTC 2014,32.7737,15,CassandraNode_scaleOut,CassandraNode
Thu Feb 20 15:46:46 UTC 2014,32.7737,15,CassandraNode_scaleOut,CassandraNode
Thu Feb 20 15:46:53 UTC 2014,32.7737,15,CassandraNode_scaleOut,CassandraNode
Thu Feb 20 15:47:01 UTC 2014,43.6064,15,CassandraNode_scaleOut,CassandraNode
Thu Feb 20 15:47:09 UTC 2014,43.6064,15,,
Thu Feb 20 15:47:16 UTC 2014,43.6064,15,,
Thu Feb 20 15:47:22 UTC 2014,43.6064,15,,
Thu Feb 20 15:47:28 UTC 2014,34.9122,16,,
Thu Feb 20 15:47:34 UTC 2014,34.9122,16,,
Thu Feb 20 15:47:39 UTC 2014,34.9122,16,,
Thu Feb 20 15:47:45 UTC 2014,34.9122,16,,
Thu Feb 20 15:47:50 UTC 2014,34.9122,16,,
Thu Feb 20 15:47:56 UTC 2014,34.9122,16,,
Thu Feb 20 15:48:03 UTC 2014,34.9122,16,,
Thu Feb 20 15:48:09 UTC 2014,34.9122,16,,
Thu Feb 20 15:48:15 UTC 2014,34.9122,16,,
Thu Feb 20 15:48:20 UTC 2014,46.426,16,,
Thu Feb 20 15:48:26 UTC 2014,46.426,16,,
Thu Feb 20 15:48:31 UTC 2014,46.426,16,,
Thu Feb 20 15:48:37 UTC 2014,46.426,16,,
Thu Feb 20 15:48:42 UTC 2014,46.426,16,,
Thu Feb 20 15:48:48 UTC 2014,46.426,16,,
Thu Feb 20 15:48:54 UTC 2014,37.2274,16,,
Thu Feb 20 15:48:59 UTC 2014,37.2274,16,,
Thu Feb 20 15:49:06 UTC 2014,37.2274,16,,
Thu Feb 20 15:49:11 UTC 2014,37.2274,16,,
Thu Feb 20 15:49:17 UTC 2014,37.2274,16,,
Thu Feb 20 15:49:22 UTC 2014,37.2274,16,,
Thu Feb 20 15:49:28 UTC 2014,37.2274,16,,
Thu Feb 20 15:49:35 UTC 2014,37.2274,16,,
Thu Feb 20 15:49:41 UTC 2014,47.0312,16,,
Thu Feb 20 15:49:47 UTC 2014,47.0312,16,,
Thu Feb 20 15:49:52 UTC 2014,47.0312,16,,
Thu Feb 20 15:49:57 UTC 2014,47.0312,16,,
Thu Feb 20 15:50:03 UTC 2014,47.0312,16,,
Thu Feb 20 15:50:08 UTC 2014,47.0312,16,,
Thu Feb 20 15:50:14 UTC 2014,47.0312,16,,
Thu Feb 20 15:50:20 UTC 2014,47.0312,16,,
Thu Feb 20 15:50:25 UTC 2014,47.0312,16,,
Thu Feb 20 15:50:31 UTC 2014,50.9221,16,,
Thu Feb 20 15:50:37 UTC 2014,50.9221,16,,
Thu Feb 20 15:50:43 UTC 2014,50.9221,16,,
Thu Feb 20 15:50:48 UTC 2014,50.9221,16,,
Thu Feb 20 15:50:54 UTC 2014,50.9221,16,,
Thu Feb 20 15:51:00 UTC 2014,50.9221,16,,
Thu Feb 20 15:51:06 UTC 2014,50.9221,16,,
Thu Feb 20 15:51:11 UTC 2014,50.9221,16,,
Thu Feb 20 15:51:17 UTC 2014,50.9221,16,,
Thu Feb 20 15:51:22 UTC 2014,45.2299,16,,
Thu Feb 20 15:51:28 UTC 2014,45.2299,16,,
Thu Feb 20 15:51:34 UTC 2014,45.2299,16,,
Thu Feb 20 15:51:39 UTC 2014,45.2299,16,,
Thu Feb 20 15:51:45 UTC 2014,45.2299,16,,
Thu Feb 20 15:51:51 UTC 2014,45.2299,16,,
Thu Feb 20 15:51:56 UTC 2014,45.2299,16,,
Thu Feb 20 15:52:02 UTC 2014,45.2299,16,,
Thu Feb 20 15:52:08 UTC 2014,35.7783,16,,
Thu Feb 20 15:52:14 UTC 2014,35.7783,16,,
Thu Feb 20 15:52:19 UTC 2014,35.7783,16,,
Thu Feb 20 15:52:25 UTC 2014,35.7783,16,,
Thu Feb 20 15:52:30 UTC 2014,35.7783,16,,
Thu Feb 20 15:52:36 UTC 2014,35.7783,16,,
Thu Feb 20 15:52:41 UTC 2014,35.7783,16,,
Thu Feb 20 15:52:47 UTC 2014,35.7783,16,,
Thu Feb 20 15:52:52 UTC 2014,35.7783,16,,
Thu Feb 20 15:52:58 UTC 2014,35.7783,16,,
Thu Feb 20 15:53:04 UTC 2014,36.9373,16,,
Thu Feb 20 15:53:10 UTC 2014,36.9373,16,,
Thu Feb 20 15:53:15 UTC 2014,36.9373,16,,
Thu Feb 20 15:53:21 UTC 2014,36.9373,16,,
Thu Feb 20 15:53:27 UTC 2014,36.9373,16,,
Thu Feb 20 15:53:32 UTC 2014,36.9373,16,,
Thu Feb 20 15:53:38 UTC 2014,36.9373,16,,
Thu Feb 20 15:53:44 UTC 2014,36.9373,16,,
Thu Feb 20 15:53:49 UTC 2014,36.9373,16,,
Thu Feb 20 15:53:55 UTC 2014,36.9373,16,,
Thu Feb 20 15:54:00 UTC 2014,47.1337,16,,
Thu Feb 20 15:54:06 UTC 2014,47.1337,16,,
Thu Feb 20 15:54:12 UTC 2014,47.1337,16,,
Thu Feb 20 15:54:18 UTC 2014,47.1337,16,,
Thu Feb 20 15:54:24 UTC 2014,47.1337,16,,
Thu Feb 20 15:54:30 UTC 2014,47.1337,16,,
Thu Feb 20 15:54:35 UTC 2014,47.1337,16,,
Thu Feb 20 15:54:41 UTC 2014,47.1337,16,,
Thu Feb 20 15:54:47 UTC 2014,40.6317,16,,
Thu Feb 20 15:54:52 UTC 2014,40.6317,16,,
Thu Feb 20 15:54:57 UTC 2014,40.6317,16,,
Thu Feb 20 15:55:04 UTC 2014,40.6317,16,,
Thu Feb 20 15:55:09 UTC 2014,40.6317,16,,
Thu Feb 20 15:55:15 UTC 2014,40.6317,16,,
Thu Feb 20 15:55:20 UTC 2014,40.6317,16,,
Thu Feb 20 15:55:26 UTC 2014,40.6317,16,AppServer_scaleIn,AppServer
Thu Feb 20 15:55:33 UTC 2014,46.9012,16,,
Thu Feb 20 15:55:39 UTC 2014,46.9012,16,,
Thu Feb 20 15:55:45 UTC 2014,46.9012,16,,
Thu Feb 20 15:55:50 UTC 2014,46.9012,16,,
Thu Feb 20 15:55:56 UTC 2014,46.9012,16,,
Thu Feb 20 15:56:01 UTC 2014,46.9012,16,,
Thu Feb 20 15:56:07 UTC 2014,46.9012,16,,
Thu Feb 20 15:56:12 UTC 2014,46.9012,16,,
Thu Feb 20 15:56:18 UTC 2014,38.1556,16,,
Thu Feb 20 15:56:24 UTC 2014,38.1556,16,,
Thu Feb 20 15:56:29 UTC 2014,38.1556,16,,
Thu Feb 20 15:56:35 UTC 2014,38.1556,16,,
Thu Feb 20 15:56:40 UTC 2014,38.1556,16,,
Thu Feb 20 15:56:46 UTC 2014,38.1556,16,,
Thu Feb 20 15:56:52 UTC 2014,38.1556,16,,
Thu Feb 20 15:56:57 UTC 2014,38.1556,16,,
Thu Feb 20 15:57:03 UTC 2014,38.1556,16,,
Thu Feb 20 15:57:09 UTC 2014,47.0221,16,,
Thu Feb 20 15:57:15 UTC 2014,47.0221,16,,
Thu Feb 20 15:57:20 UTC 2014,47.0221,16,,
Thu Feb 20 15:57:26 UTC 2014,47.0221,16,,
Thu Feb 20 15:57:31 UTC 2014,47.0221,16,,
Thu Feb 20 15:57:37 UTC 2014,47.0221,16,,
Thu Feb 20 15:57:42 UTC 2014,47.0221,16,,
Thu Feb 20 15:57:48 UTC 2014,47.0221,16,,
Thu Feb 20 15:57:53 UTC 2014,41.4472,16,,
Thu Feb 20 15:57:59 UTC 2014,41.4472,16,,
Thu Feb 20 15:58:05 UTC 2014,41.4472,16,,
Thu Feb 20 15:58:10 UTC 2014,41.4472,16,,
Thu Feb 20 15:58:16 UTC 2014,41.4472,16,,
Thu Feb 20 15:58:21 UTC 2014,41.4472,16,,
